[
{
    "pk": 1829, 
    "model": "quiz.question", 
    "fields": {
        "owner": 319, 
        "type": "multichoice", 
        "title": "How does the MMR for Ethiopia in 2005 compare with the MMR for Africa, and the world figure?", 
        "lastupdated_date": "2013-07-03T16:17:44", 
        "created_date": "2013-07-03T16:17:44"
    }
},
{
    "pk": 1830, 
    "model": "quiz.question", 
    "fields": {
        "owner": 319, 
        "type": "numerical", 
        "title": "Imagine that the total number of people in a catchment area is 10,000, and the total number of first antenatal visits the Health Extension Practitioners (HEPs) made last year was 150. Calculate the number of pregnant women who were eligible for antenatal care services in this catchment area last year.", 
        "lastupdated_date": "2013-07-03T16:17:45", 
        "created_date": "2013-07-03T16:17:45"
    }
},
{
    "pk": 1831, 
    "model": "quiz.question", 
    "fields": {
        "owner": 319, 
        "type": "numerical", 
        "title": "Imagine that the total number of people in a catchment area is 10,000, and the total number of first antenatal visits the Health Extension Practitioners (HEPs) made last year was 150. What was the antenatal care coverage rate achieved by the Health Extension Practitioners last year?", 
        "lastupdated_date": "2013-07-03T16:17:46", 
        "created_date": "2013-07-03T16:17:46"
    }
},
{
    "pk": 1832, 
    "model": "quiz.question", 
    "fields": {
        "owner": 319, 
        "type": "numerical", 
        "title": "Assume that the total population of a community is 8,000. How many antenatal visits would the Health Extension Practitioners make in one year if they achieved focused antenatal care for every pregnant woman?", 
        "lastupdated_date": "2013-07-03T16:17:47", 
        "created_date": "2013-07-03T16:17:47"
    }
},
{
    "pk": 1833, 
    "model": "quiz.question", 
    "fields": {
        "owner": 319, 
        "type": "multichoice", 
        "title": "Assume that there were 480 maternal deaths, 960 neonatal deaths and 60,000 live births in Region Y in the year 2005. What was the MMR in this region in that year?", 
        "lastupdated_date": "2013-07-03T16:17:48", 
        "created_date": "2013-07-03T16:17:48"
    }
},
{
    "pk": 1834, 
    "model": "quiz.question", 
    "fields": {
        "owner": 319, 
        "type": "multichoice", 
        "title": "Infection in the uterus can get into the pelvic cavity through the vagina.", 
        "lastupdated_date": "2013-07-03T16:17:59", 
        "created_date": "2013-07-03T16:17:59"
    }
},
{
    "pk": 1835, 
    "model": "quiz.question", 
    "fields": {
        "owner": 319, 
        "type": "multichoice", 
        "title": "The perineum is a muscular area between the vaginal opening and the anus.", 
        "lastupdated_date": "2013-07-03T16:18:00", 
        "created_date": "2013-07-03T16:18:00"
    }
},
{
    "pk": 1836, 
    "model": "quiz.question", 
    "fields": {
        "owner": 319, 
        "type": "multichoice", 
        "title": "The maturation of an ovum is controlled by the female reproductive hormones.", 
        "lastupdated_date": "2013-07-03T16:18:01", 
        "created_date": "2013-07-03T16:18:01"
    }
},
{
    "pk": 1837, 
    "model": "quiz.question", 
    "fields": {
        "owner": 319, 
        "type": "multichoice", 
        "title": "Glands in the cervix produce secretions which lubricate the vagina.", 
        "lastupdated_date": "2013-07-03T16:18:01", 
        "created_date": "2013-07-03T16:18:01"
    }
},
{
    "pk": 1838, 
    "model": "quiz.question", 
    "fields": {
        "owner": 319, 
        "type": "multichoice", 
        "title": "The fundus is the narrow \u2018neck\u2019 at the bottom of the uterus.", 
        "lastupdated_date": "2013-07-03T16:18:02", 
        "created_date": "2013-07-03T16:18:02"
    }
},
{
    "pk": 1839, 
    "model": "quiz.question", 
    "fields": {
        "owner": 319, 
        "type": "multichoice", 
        "title": "The energy for moving the sperm\u2019s tail comes from the genetic material in its head.", 
        "lastupdated_date": "2013-07-03T16:18:13", 
        "created_date": "2013-07-03T16:18:13"
    }
},
{
    "pk": 1840, 
    "model": "quiz.question", 
    "fields": {
        "owner": 319, 
        "type": "multichoice", 
        "title": "Contractions in the muscular walls of the uterus and fallopian tubes assist sperm to move rapidly towards the ovum.", 
        "lastupdated_date": "2013-07-03T16:18:14", 
        "created_date": "2013-07-03T16:18:14"
    }
},
{
    "pk": 1841, 
    "model": "quiz.question", 
    "fields": {
        "owner": 319, 
        "type": "multichoice", 
        "title": "Implantation occurs when the blastocyst burrows into the endometrium and successfully establishes the early placenta.", 
        "lastupdated_date": "2013-07-03T16:18:15", 
        "created_date": "2013-07-03T16:18:15"
    }
},
{
    "pk": 1842, 
    "model": "quiz.question", 
    "fields": {
        "owner": 319, 
        "type": "multichoice", 
        "title": "The female bony pelvis is broader and flatter than the male pelvis.", 
        "lastupdated_date": "2013-07-03T16:18:26", 
        "created_date": "2013-07-03T16:18:26"
    }
},
{
    "pk": 1843, 
    "model": "quiz.question", 
    "fields": {
        "owner": 319, 
        "type": "multichoice", 
        "title": "The pelvic inlet is narrower than the pelvic outlet.", 
        "lastupdated_date": "2013-07-03T16:18:27", 
        "created_date": "2013-07-03T16:18:27"
    }
},
{
    "pk": 1844, 
    "model": "quiz.question", 
    "fields": {
        "owner": 319, 
        "type": "multichoice", 
        "title": "The iliac crest is an important landmark in measuring the progress of the fetus down the birth canal.", 
        "lastupdated_date": "2013-07-03T16:18:28", 
        "created_date": "2013-07-03T16:18:28"
    }
},
{
    "pk": 1845, 
    "model": "quiz.question", 
    "fields": {
        "owner": 319, 
        "type": "multichoice", 
        "title": "Lying flat after a meal is recommended for pregnant women because it helps digestion.", 
        "lastupdated_date": "2013-07-03T16:18:39", 
        "created_date": "2013-07-03T16:18:39"
    }
},
{
    "pk": 1846, 
    "model": "quiz.question", 
    "fields": {
        "owner": 319, 
        "type": "multichoice", 
        "title": "Frequent urination in late pregnancy is normal because the uterus pushes down on the bladder.", 
        "lastupdated_date": "2013-07-03T16:18:40", 
        "created_date": "2013-07-03T16:18:40"
    }
},
{
    "pk": 1847, 
    "model": "quiz.question", 
    "fields": {
        "owner": 319, 
        "type": "multichoice", 
        "title": "Heart rate, stroke volume and cardiac output all increase during pregnancy.", 
        "lastupdated_date": "2013-07-03T16:18:40", 
        "created_date": "2013-07-03T16:18:40"
    }
},
{
    "pk": 1848, 
    "model": "quiz.question", 
    "fields": {
        "owner": 319, 
        "type": "multichoice", 
        "title": "Maternal goitre is caused by iron deficiency.", 
        "lastupdated_date": "2013-07-03T16:18:52", 
        "created_date": "2013-07-03T16:18:52"
    }
},
{
    "pk": 1849, 
    "model": "quiz.question", 
    "fields": {
        "owner": 319, 
        "type": "multichoice", 
        "title": "Maternal diabetes often results in a big baby.", 
        "lastupdated_date": "2013-07-03T16:18:52", 
        "created_date": "2013-07-03T16:18:52"
    }
},
{
    "pk": 1850, 
    "model": "quiz.question", 
    "fields": {
        "owner": 319, 
        "type": "multichoice", 
        "title": "Shortness of breath may be caused by anaemia, a heart problem, lung infection or a blood clot.", 
        "lastupdated_date": "2013-07-03T16:18:53", 
        "created_date": "2013-07-03T16:18:53"
    }
},
{
    "pk": 1851, 
    "model": "quiz.question", 
    "fields": {
        "owner": 319, 
        "type": "shortanswer", 
        "title": "Abebech is a pregnant woman, whose duration of gestation based on her last normal menstrual period (LNMP) is six months. When you examine her, you can feel that the fundus is four finger-widths above her bellybutton and you can hear a fetal heartbeat clearly. What is your assessment of the gestational age in months of Abebech\u2019s baby using fundal height measurement?", 
        "lastupdated_date": "2013-07-03T16:19:04", 
        "created_date": "2013-07-03T16:19:04"
    }
},
{
    "pk": 1852, 
    "model": "quiz.question", 
    "fields": {
        "owner": 319, 
        "type": "shortanswer", 
        "title": "How many centimetres would Abebech\u2019s abdomen measure from her pubic bone to the top of her uterus in order to confirm your fundal height measurement?", 
        "lastupdated_date": "2013-07-03T16:19:05", 
        "created_date": "2013-07-03T16:19:05"
    }
},
{
    "pk": 1853, 
    "model": "quiz.question", 
    "fields": {
        "owner": 319, 
        "type": "multichoice", 
        "title": "Is the gestational age of Abebech\u2019s baby based on fundal height measurement consistent with the gestational age calculated from her LNMP?", 
        "lastupdated_date": "2013-07-03T16:19:06", 
        "created_date": "2013-07-03T16:19:06"
    }
},
{
    "pk": 1854, 
    "model": "quiz.question", 
    "fields": {
        "owner": 319, 
        "type": "multichoice", 
        "title": "Listening to the fetal heartbeat using a stethoscope is called auscultation.", 
        "lastupdated_date": "2013-07-03T16:19:17", 
        "created_date": "2013-07-03T16:19:17"
    }
},
{
    "pk": 1855, 
    "model": "quiz.question", 
    "fields": {
        "owner": 319, 
        "type": "multichoice", 
        "title": "When the fetal head is down and the bottom of the fetus is up in the fundus, it is called a vertical lie.", 
        "lastupdated_date": "2013-07-03T16:19:17", 
        "created_date": "2013-07-03T16:19:17"
    }
},
{
    "pk": 1856, 
    "model": "quiz.question", 
    "fields": {
        "owner": 319, 
        "type": "multichoice", 
        "title": "In a vertex presentation, the presenting part is the baby\u2019s bottom.", 
        "lastupdated_date": "2013-07-03T16:19:18", 
        "created_date": "2013-07-03T16:19:18"
    }
},
{
    "pk": 1857, 
    "model": "quiz.question", 
    "fields": {
        "owner": 319, 
        "type": "multichoice", 
        "title": "Focused antenatal care focuses on the pregnant woman alone.", 
        "lastupdated_date": "2013-07-03T16:19:29", 
        "created_date": "2013-07-03T16:19:29"
    }
},
{
    "pk": 1858, 
    "model": "quiz.question", 
    "fields": {
        "owner": 319, 
        "type": "multichoice", 
        "title": "Women in the basic component receive only 4 FANC visits, unless warning signs or symptoms are detected at any stage.", 
        "lastupdated_date": "2013-07-03T16:19:30", 
        "created_date": "2013-07-03T16:19:30"
    }
},
{
    "pk": 1859, 
    "model": "quiz.question", 
    "fields": {
        "owner": 319, 
        "type": "multichoice", 
        "title": "Pregnant women do not need to prepare any equipment for labour and delivery.", 
        "lastupdated_date": "2013-07-03T16:19:31", 
        "created_date": "2013-07-03T16:19:31"
    }
},
{
    "pk": 1860, 
    "model": "quiz.question", 
    "fields": {
        "owner": 319, 
        "type": "multichoice", 
        "title": "Breastfeeding is 100% effective at preventing a further pregnancy.", 
        "lastupdated_date": "2013-07-03T16:19:42", 
        "created_date": "2013-07-03T16:19:42"
    }
},
{
    "pk": 1861, 
    "model": "quiz.question", 
    "fields": {
        "owner": 319, 
        "type": "multichoice", 
        "title": "Colostrum should be fed to the newborn baby, not thrown away.", 
        "lastupdated_date": "2013-07-03T16:19:43", 
        "created_date": "2013-07-03T16:19:43"
    }
},
{
    "pk": 1862, 
    "model": "quiz.question", 
    "fields": {
        "owner": 319, 
        "type": "multichoice", 
        "title": "Early and exclusive breastfeeding means feeding only breastmilk from the first hour of the baby\u2019s life until at least 6 months of age.", 
        "lastupdated_date": "2013-07-03T16:19:43", 
        "created_date": "2013-07-03T16:19:43"
    }
},
{
    "pk": 1863, 
    "model": "quiz.question", 
    "fields": {
        "owner": 319, 
        "type": "multichoice", 
        "title": "A  Saying welcome, showing a smiling face, letting her express her concerns and doubts, helps the mother feel comfortable and develop confidence in you.", 
        "lastupdated_date": "2013-07-03T16:19:55", 
        "created_date": "2013-07-03T16:19:55"
    }
},
{
    "pk": 1864, 
    "model": "quiz.question", 
    "fields": {
        "owner": 319, 
        "type": "multichoice", 
        "title": "You have to tell her that unless she comes on the day of her scheduled appointment, you will not see her at any other time.", 
        "lastupdated_date": "2013-07-03T16:19:55", 
        "created_date": "2013-07-03T16:19:55"
    }
},
{
    "pk": 1865, 
    "model": "quiz.question", 
    "fields": {
        "owner": 319, 
        "type": "multichoice", 
        "title": "You should not allow her to ask questions till you finish telling her what she needs to know.", 
        "lastupdated_date": "2013-07-03T16:19:56", 
        "created_date": "2013-07-03T16:19:56"
    }
},
{
    "pk": 1866, 
    "model": "quiz.question", 
    "fields": {
        "owner": 319, 
        "type": "multichoice", 
        "title": "A woman has sexual intercourse with a man who is HIV-positive. She is tested for HIV infection two weeks after this sexual intercourse. Her HIV test is negative. Should you trust this result?", 
        "lastupdated_date": "2013-07-03T16:20:07", 
        "created_date": "2013-07-03T16:20:07"
    }
},
{
    "pk": 1867, 
    "model": "quiz.question", 
    "fields": {
        "owner": 319, 
        "type": "multichoice", 
        "title": "Infection in the uterus may cause PROM and may also be a complication following PROM.", 
        "lastupdated_date": "2013-07-03T16:20:18", 
        "created_date": "2013-07-03T16:20:18"
    }
},
{
    "pk": 1868, 
    "model": "quiz.question", 
    "fields": {
        "owner": 319, 
        "type": "multichoice", 
        "title": "PROM may occur if the uterus is over-stretched by malpresentation of the fetus, multiple pregnancy or excess amniotic fluid.", 
        "lastupdated_date": "2013-07-03T16:20:19", 
        "created_date": "2013-07-03T16:20:19"
    }
},
{
    "pk": 1869, 
    "model": "quiz.question", 
    "fields": {
        "owner": 319, 
        "type": "multichoice", 
        "title": "Cervical incompetence in combination with PROM can be a cause of umbilical cord prolapse.", 
        "lastupdated_date": "2013-07-03T16:20:20", 
        "created_date": "2013-07-03T16:20:20"
    }
},
{
    "pk": 1870, 
    "model": "quiz.question", 
    "fields": {
        "owner": 319, 
        "type": "multichoice", 
        "title": "The risk of a UTI can be reduced by washing hands and genitals properly.", 
        "lastupdated_date": "2013-07-03T16:20:31", 
        "created_date": "2013-07-03T16:20:31"
    }
},
{
    "pk": 1871, 
    "model": "quiz.question", 
    "fields": {
        "owner": 319, 
        "type": "multichoice", 
        "title": "A woman is more likely to get infections of the urethra, bladder or kidneys during pregnancy than at other times.", 
        "lastupdated_date": "2013-07-03T16:20:32", 
        "created_date": "2013-07-03T16:20:32"
    }
},
{
    "pk": 1872, 
    "model": "quiz.question", 
    "fields": {
        "owner": 319, 
        "type": "multichoice", 
        "title": "It is important to give iron tablets to prevent anaemia only at the first antenatal visit.", 
        "lastupdated_date": "2013-07-03T16:20:33", 
        "created_date": "2013-07-03T16:20:33"
    }
},
{
    "pk": 1873, 
    "model": "quiz.question", 
    "fields": {
        "owner": 319, 
        "type": "multichoice", 
        "title": "When the muscular walls of the blood vessels all over a woman\u2019s body contract, the space inside the vessels becomes larger so her blood pressure falls.", 
        "lastupdated_date": "2013-07-03T16:20:44", 
        "created_date": "2013-07-03T16:20:44"
    }
},
{
    "pk": 1874, 
    "model": "quiz.question", 
    "fields": {
        "owner": 319, 
        "type": "multichoice", 
        "title": "Hypertension during pregnancy reduces the blood supply from the endometrial arteries in the mother\u2019s uterus to the fetus via the placenta.", 
        "lastupdated_date": "2013-07-03T16:20:44", 
        "created_date": "2013-07-03T16:20:44"
    }
},
{
    "pk": 1875, 
    "model": "quiz.question", 
    "fields": {
        "owner": 319, 
        "type": "multichoice", 
        "title": "Hypertension reduces the amount of amniotic fluid surrounding the fetus, because the blood flow to the baby\u2019s kidneys is reduced so it makes less urine.", 
        "lastupdated_date": "2013-07-03T16:20:45", 
        "created_date": "2013-07-03T16:20:45"
    }
},
{
    "pk": 1876, 
    "model": "quiz.question", 
    "fields": {
        "owner": 319, 
        "type": "multichoice", 
        "title": "There is no need to refer all incomplete abortion cases to the next higher health facility.", 
        "lastupdated_date": "2013-07-03T16:20:56", 
        "created_date": "2013-07-03T16:20:56"
    }
},
{
    "pk": 1877, 
    "model": "quiz.question", 
    "fields": {
        "owner": 319, 
        "type": "multichoice", 
        "title": "In a complete abortion the tissue inside the uterus has been entirely expelled and the cervix has closed.", 
        "lastupdated_date": "2013-07-03T16:20:57", 
        "created_date": "2013-07-03T16:20:57"
    }
},
{
    "pk": 1878, 
    "model": "quiz.question", 
    "fields": {
        "owner": 319, 
        "type": "multichoice", 
        "title": "Women whose abortion is complete will not be able to get pregnant again for some months.", 
        "lastupdated_date": "2013-07-03T16:20:58", 
        "created_date": "2013-07-03T16:20:58"
    }
},
{
    "pk": 1879, 
    "model": "quiz.question", 
    "fields": {
        "owner": 319, 
        "type": "multichoice", 
        "title": "You can do a vaginal examination for a pregnant women who comes to you with vaginal bleeding at gestational age of 37 weeks.", 
        "lastupdated_date": "2013-07-03T16:21:09", 
        "created_date": "2013-07-03T16:21:09"
    }
},
{
    "pk": 1880, 
    "model": "quiz.question", 
    "fields": {
        "owner": 319, 
        "type": "multichoice", 
        "title": "Premature separation of a normally implanted placenta always results in external bleeding.", 
        "lastupdated_date": "2013-07-03T16:21:10", 
        "created_date": "2013-07-03T16:21:10"
    }
},
{
    "pk": 1881, 
    "model": "quiz.question", 
    "fields": {
        "owner": 319, 
        "type": "multichoice", 
        "title": "Placenta previa is when the placenta is attached close to or covering the cervix.", 
        "lastupdated_date": "2013-07-03T16:21:11", 
        "created_date": "2013-07-03T16:21:11"
    }
},
{
    "pk": 1882, 
    "model": "quiz.question", 
    "fields": {
        "owner": 319, 
        "type": "multichoice", 
        "title": "A woman who is in shock due to loss of blood should be referred immediately without beginning IV fluid therapy.", 
        "lastupdated_date": "2013-07-03T16:21:22", 
        "created_date": "2013-07-03T16:21:22"
    }
},
{
    "pk": 1883, 
    "model": "quiz.question", 
    "fields": {
        "owner": 319, 
        "type": "multichoice", 
        "title": "Remove and reposition the IV cannula if the venipuncture site swells and is painful.", 
        "lastupdated_date": "2013-07-03T16:21:23", 
        "created_date": "2013-07-03T16:21:23"
    }
},
{
    "pk": 1884, 
    "model": "quiz.question", 
    "fields": {
        "owner": 319, 
        "type": "multichoice", 
        "title": "If you don\u2019t have a plaster to put over the venipuncture site there is no need to stabilise the IV cannula in the vein.", 
        "lastupdated_date": "2013-07-03T16:21:23", 
        "created_date": "2013-07-03T16:21:23"
    }
},
{
    "pk": 4051, 
    "model": "quiz.response", 
    "fields": {
        "title": "It is above the average figure for Africa, and above the average figure for the world.", 
        "question": 1829, 
        "score": "0.00", 
        "created_date": "2013-07-03T16:17:44", 
        "owner": 319, 
        "lastupdated_date": "2013-07-03T16:17:44", 
        "order": 1
    }
},
{
    "pk": 4052, 
    "model": "quiz.response", 
    "fields": {
        "title": "It is below the average figure for Africa, and below the average figure for the world.", 
        "question": 1829, 
        "score": "0.00", 
        "created_date": "2013-07-03T16:17:44", 
        "owner": 319, 
        "lastupdated_date": "2013-07-03T16:17:44", 
        "order": 2
    }
},
{
    "pk": 4053, 
    "model": "quiz.response", 
    "fields": {
        "title": "It is above the average figure for Africa, and below the average figure for the world.", 
        "question": 1829, 
        "score": "0.00", 
        "created_date": "2013-07-03T16:17:44", 
        "owner": 319, 
        "lastupdated_date": "2013-07-03T16:17:44", 
        "order": 3
    }
},
{
    "pk": 4054, 
    "model": "quiz.response", 
    "fields": {
        "title": "It is below the average figure for Africa, and above the average figure for the world.", 
        "question": 1829, 
        "score": "1.00", 
        "created_date": "2013-07-03T16:17:44", 
        "owner": 319, 
        "lastupdated_date": "2013-07-03T16:17:44", 
        "order": 4
    }
},
{
    "pk": 4055, 
    "model": "quiz.response", 
    "fields": {
        "title": "400", 
        "question": 1830, 
        "score": "1.00", 
        "created_date": "2013-07-03T16:17:45", 
        "owner": 319, 
        "lastupdated_date": "2013-07-03T16:17:45", 
        "order": 1
    }
},
{
    "pk": 4056, 
    "model": "quiz.response", 
    "fields": {
        "title": "400", 
        "question": 1830, 
        "score": "0.50", 
        "created_date": "2013-07-03T16:17:45", 
        "owner": 319, 
        "lastupdated_date": "2013-07-03T16:17:45", 
        "order": 2
    }
},
{
    "pk": 4057, 
    "model": "quiz.response", 
    "fields": {
        "title": "37.5", 
        "question": 1831, 
        "score": "1.00", 
        "created_date": "2013-07-03T16:17:46", 
        "owner": 319, 
        "lastupdated_date": "2013-07-03T16:17:46", 
        "order": 1
    }
},
{
    "pk": 4058, 
    "model": "quiz.response", 
    "fields": {
        "title": "37.5", 
        "question": 1831, 
        "score": "0.50", 
        "created_date": "2013-07-03T16:17:46", 
        "owner": 319, 
        "lastupdated_date": "2013-07-03T16:17:46", 
        "order": 2
    }
},
{
    "pk": 4059, 
    "model": "quiz.response", 
    "fields": {
        "title": "1280", 
        "question": 1832, 
        "score": "1.00", 
        "created_date": "2013-07-03T16:17:47", 
        "owner": 319, 
        "lastupdated_date": "2013-07-03T16:17:47", 
        "order": 1
    }
},
{
    "pk": 4060, 
    "model": "quiz.response", 
    "fields": {
        "title": "*", 
        "question": 1832, 
        "score": "1.00", 
        "created_date": "2013-07-03T16:17:47", 
        "owner": 319, 
        "lastupdated_date": "2013-07-03T16:17:47", 
        "order": 2
    }
},
{
    "pk": 4061, 
    "model": "quiz.response", 
    "fields": {
        "title": "1280", 
        "question": 1832, 
        "score": "0.50", 
        "created_date": "2013-07-03T16:17:47", 
        "owner": 319, 
        "lastupdated_date": "2013-07-03T16:17:47", 
        "order": 3
    }
},
{
    "pk": 4062, 
    "model": "quiz.response", 
    "fields": {
        "title": "480 maternal deaths per 100,000 live births", 
        "question": 1833, 
        "score": "0.00", 
        "created_date": "2013-07-03T16:17:48", 
        "owner": 319, 
        "lastupdated_date": "2013-07-03T16:17:48", 
        "order": 1
    }
},
{
    "pk": 4063, 
    "model": "quiz.response", 
    "fields": {
        "title": "560 maternal deaths per 100,000 live births", 
        "question": 1833, 
        "score": "0.00", 
        "created_date": "2013-07-03T16:17:48", 
        "owner": 319, 
        "lastupdated_date": "2013-07-03T16:17:48", 
        "order": 2
    }
},
{
    "pk": 4064, 
    "model": "quiz.response", 
    "fields": {
        "title": "800 maternal deaths per 100,000 live births", 
        "question": 1833, 
        "score": "1.00", 
        "created_date": "2013-07-03T16:17:48", 
        "owner": 319, 
        "lastupdated_date": "2013-07-03T16:17:48", 
        "order": 3
    }
},
{
    "pk": 4065, 
    "model": "quiz.response", 
    "fields": {
        "title": "1200 maternal deaths per 100,000 live births", 
        "question": 1833, 
        "score": "0.00", 
        "created_date": "2013-07-03T16:17:48", 
        "owner": 319, 
        "lastupdated_date": "2013-07-03T16:17:48", 
        "order": 4
    }
},
{
    "pk": 4066, 
    "model": "quiz.response", 
    "fields": {
        "title": "true", 
        "question": 1834, 
        "score": "0.00", 
        "created_date": "2013-07-03T16:17:59", 
        "owner": 319, 
        "lastupdated_date": "2013-07-03T16:17:59", 
        "order": 1
    }
},
{
    "pk": 4067, 
    "model": "quiz.response", 
    "fields": {
        "title": "false", 
        "question": 1834, 
        "score": "1.00", 
        "created_date": "2013-07-03T16:18:00", 
        "owner": 319, 
        "lastupdated_date": "2013-07-03T16:18:00", 
        "order": 2
    }
},
{
    "pk": 4068, 
    "model": "quiz.response", 
    "fields": {
        "title": "true", 
        "question": 1835, 
        "score": "1.00", 
        "created_date": "2013-07-03T16:18:00", 
        "owner": 319, 
        "lastupdated_date": "2013-07-03T16:18:00", 
        "order": 1
    }
},
{
    "pk": 4069, 
    "model": "quiz.response", 
    "fields": {
        "title": "false", 
        "question": 1835, 
        "score": "0.00", 
        "created_date": "2013-07-03T16:18:00", 
        "owner": 319, 
        "lastupdated_date": "2013-07-03T16:18:00", 
        "order": 2
    }
},
{
    "pk": 4070, 
    "model": "quiz.response", 
    "fields": {
        "title": "true", 
        "question": 1836, 
        "score": "1.00", 
        "created_date": "2013-07-03T16:18:01", 
        "owner": 319, 
        "lastupdated_date": "2013-07-03T16:18:01", 
        "order": 1
    }
},
{
    "pk": 4071, 
    "model": "quiz.response", 
    "fields": {
        "title": "false", 
        "question": 1836, 
        "score": "0.00", 
        "created_date": "2013-07-03T16:18:01", 
        "owner": 319, 
        "lastupdated_date": "2013-07-03T16:18:01", 
        "order": 2
    }
},
{
    "pk": 4072, 
    "model": "quiz.response", 
    "fields": {
        "title": "true", 
        "question": 1837, 
        "score": "1.00", 
        "created_date": "2013-07-03T16:18:02", 
        "owner": 319, 
        "lastupdated_date": "2013-07-03T16:18:02", 
        "order": 1
    }
},
{
    "pk": 4073, 
    "model": "quiz.response", 
    "fields": {
        "title": "false", 
        "question": 1837, 
        "score": "0.00", 
        "created_date": "2013-07-03T16:18:02", 
        "owner": 319, 
        "lastupdated_date": "2013-07-03T16:18:02", 
        "order": 2
    }
},
{
    "pk": 4074, 
    "model": "quiz.response", 
    "fields": {
        "title": "true", 
        "question": 1838, 
        "score": "0.00", 
        "created_date": "2013-07-03T16:18:02", 
        "owner": 319, 
        "lastupdated_date": "2013-07-03T16:18:02", 
        "order": 1
    }
},
{
    "pk": 4075, 
    "model": "quiz.response", 
    "fields": {
        "title": "false", 
        "question": 1838, 
        "score": "1.00", 
        "created_date": "2013-07-03T16:18:02", 
        "owner": 319, 
        "lastupdated_date": "2013-07-03T16:18:02", 
        "order": 2
    }
},
{
    "pk": 4076, 
    "model": "quiz.response", 
    "fields": {
        "title": "true", 
        "question": 1839, 
        "score": "0.00", 
        "created_date": "2013-07-03T16:18:13", 
        "owner": 319, 
        "lastupdated_date": "2013-07-03T16:18:13", 
        "order": 1
    }
},
{
    "pk": 4077, 
    "model": "quiz.response", 
    "fields": {
        "title": "false", 
        "question": 1839, 
        "score": "1.00", 
        "created_date": "2013-07-03T16:18:14", 
        "owner": 319, 
        "lastupdated_date": "2013-07-03T16:18:14", 
        "order": 2
    }
},
{
    "pk": 4078, 
    "model": "quiz.response", 
    "fields": {
        "title": "true", 
        "question": 1840, 
        "score": "1.00", 
        "created_date": "2013-07-03T16:18:14", 
        "owner": 319, 
        "lastupdated_date": "2013-07-03T16:18:14", 
        "order": 1
    }
},
{
    "pk": 4079, 
    "model": "quiz.response", 
    "fields": {
        "title": "false", 
        "question": 1840, 
        "score": "0.00", 
        "created_date": "2013-07-03T16:18:15", 
        "owner": 319, 
        "lastupdated_date": "2013-07-03T16:18:15", 
        "order": 2
    }
},
{
    "pk": 4080, 
    "model": "quiz.response", 
    "fields": {
        "title": "true", 
        "question": 1841, 
        "score": "1.00", 
        "created_date": "2013-07-03T16:18:15", 
        "owner": 319, 
        "lastupdated_date": "2013-07-03T16:18:15", 
        "order": 1
    }
},
{
    "pk": 4081, 
    "model": "quiz.response", 
    "fields": {
        "title": "false", 
        "question": 1841, 
        "score": "0.00", 
        "created_date": "2013-07-03T16:18:15", 
        "owner": 319, 
        "lastupdated_date": "2013-07-03T16:18:15", 
        "order": 2
    }
},
{
    "pk": 4082, 
    "model": "quiz.response", 
    "fields": {
        "title": "true", 
        "question": 1842, 
        "score": "1.00", 
        "created_date": "2013-07-03T16:18:26", 
        "owner": 319, 
        "lastupdated_date": "2013-07-03T16:18:26", 
        "order": 1
    }
},
{
    "pk": 4083, 
    "model": "quiz.response", 
    "fields": {
        "title": "false", 
        "question": 1842, 
        "score": "0.00", 
        "created_date": "2013-07-03T16:18:26", 
        "owner": 319, 
        "lastupdated_date": "2013-07-03T16:18:26", 
        "order": 2
    }
},
{
    "pk": 4084, 
    "model": "quiz.response", 
    "fields": {
        "title": "true", 
        "question": 1843, 
        "score": "0.00", 
        "created_date": "2013-07-03T16:18:27", 
        "owner": 319, 
        "lastupdated_date": "2013-07-03T16:18:27", 
        "order": 1
    }
},
{
    "pk": 4085, 
    "model": "quiz.response", 
    "fields": {
        "title": "false", 
        "question": 1843, 
        "score": "1.00", 
        "created_date": "2013-07-03T16:18:27", 
        "owner": 319, 
        "lastupdated_date": "2013-07-03T16:18:27", 
        "order": 2
    }
},
{
    "pk": 4086, 
    "model": "quiz.response", 
    "fields": {
        "title": "true", 
        "question": 1844, 
        "score": "0.00", 
        "created_date": "2013-07-03T16:18:28", 
        "owner": 319, 
        "lastupdated_date": "2013-07-03T16:18:28", 
        "order": 1
    }
},
{
    "pk": 4087, 
    "model": "quiz.response", 
    "fields": {
        "title": "false", 
        "question": 1844, 
        "score": "1.00", 
        "created_date": "2013-07-03T16:18:28", 
        "owner": 319, 
        "lastupdated_date": "2013-07-03T16:18:28", 
        "order": 2
    }
},
{
    "pk": 4088, 
    "model": "quiz.response", 
    "fields": {
        "title": "true", 
        "question": 1845, 
        "score": "0.00", 
        "created_date": "2013-07-03T16:18:39", 
        "owner": 319, 
        "lastupdated_date": "2013-07-03T16:18:39", 
        "order": 1
    }
},
{
    "pk": 4089, 
    "model": "quiz.response", 
    "fields": {
        "title": "false", 
        "question": 1845, 
        "score": "1.00", 
        "created_date": "2013-07-03T16:18:39", 
        "owner": 319, 
        "lastupdated_date": "2013-07-03T16:18:39", 
        "order": 2
    }
},
{
    "pk": 4090, 
    "model": "quiz.response", 
    "fields": {
        "title": "true", 
        "question": 1846, 
        "score": "1.00", 
        "created_date": "2013-07-03T16:18:40", 
        "owner": 319, 
        "lastupdated_date": "2013-07-03T16:18:40", 
        "order": 1
    }
},
{
    "pk": 4091, 
    "model": "quiz.response", 
    "fields": {
        "title": "false", 
        "question": 1846, 
        "score": "0.00", 
        "created_date": "2013-07-03T16:18:40", 
        "owner": 319, 
        "lastupdated_date": "2013-07-03T16:18:40", 
        "order": 2
    }
},
{
    "pk": 4092, 
    "model": "quiz.response", 
    "fields": {
        "title": "true", 
        "question": 1847, 
        "score": "1.00", 
        "created_date": "2013-07-03T16:18:41", 
        "owner": 319, 
        "lastupdated_date": "2013-07-03T16:18:41", 
        "order": 1
    }
},
{
    "pk": 4093, 
    "model": "quiz.response", 
    "fields": {
        "title": "false", 
        "question": 1847, 
        "score": "0.00", 
        "created_date": "2013-07-03T16:18:41", 
        "owner": 319, 
        "lastupdated_date": "2013-07-03T16:18:41", 
        "order": 2
    }
},
{
    "pk": 4094, 
    "model": "quiz.response", 
    "fields": {
        "title": "true", 
        "question": 1848, 
        "score": "0.00", 
        "created_date": "2013-07-03T16:18:52", 
        "owner": 319, 
        "lastupdated_date": "2013-07-03T16:18:52", 
        "order": 1
    }
},
{
    "pk": 4095, 
    "model": "quiz.response", 
    "fields": {
        "title": "false", 
        "question": 1848, 
        "score": "1.00", 
        "created_date": "2013-07-03T16:18:52", 
        "owner": 319, 
        "lastupdated_date": "2013-07-03T16:18:52", 
        "order": 2
    }
},
{
    "pk": 4096, 
    "model": "quiz.response", 
    "fields": {
        "title": "true", 
        "question": 1849, 
        "score": "1.00", 
        "created_date": "2013-07-03T16:18:53", 
        "owner": 319, 
        "lastupdated_date": "2013-07-03T16:18:53", 
        "order": 1
    }
},
{
    "pk": 4097, 
    "model": "quiz.response", 
    "fields": {
        "title": "false", 
        "question": 1849, 
        "score": "0.00", 
        "created_date": "2013-07-03T16:18:53", 
        "owner": 319, 
        "lastupdated_date": "2013-07-03T16:18:53", 
        "order": 2
    }
},
{
    "pk": 4098, 
    "model": "quiz.response", 
    "fields": {
        "title": "true", 
        "question": 1850, 
        "score": "1.00", 
        "created_date": "2013-07-03T16:18:54", 
        "owner": 319, 
        "lastupdated_date": "2013-07-03T16:18:54", 
        "order": 1
    }
},
{
    "pk": 4099, 
    "model": "quiz.response", 
    "fields": {
        "title": "false", 
        "question": 1850, 
        "score": "0.00", 
        "created_date": "2013-07-03T16:18:54", 
        "owner": 319, 
        "lastupdated_date": "2013-07-03T16:18:54", 
        "order": 2
    }
},
{
    "pk": 4100, 
    "model": "quiz.response", 
    "fields": {
        "title": "7", 
        "question": 1851, 
        "score": "1.00", 
        "created_date": "2013-07-03T16:19:05", 
        "owner": 319, 
        "lastupdated_date": "2013-07-03T16:19:05", 
        "order": 1
    }
},
{
    "pk": 4101, 
    "model": "quiz.response", 
    "fields": {
        "title": "28:2", 
        "question": 1852, 
        "score": "1.00", 
        "created_date": "2013-07-03T16:19:05", 
        "owner": 319, 
        "lastupdated_date": "2013-07-03T16:19:05", 
        "order": 1
    }
},
{
    "pk": 4102, 
    "model": "quiz.response", 
    "fields": {
        "title": "28:27", 
        "question": 1852, 
        "score": "0.10", 
        "created_date": "2013-07-03T16:19:05", 
        "owner": 319, 
        "lastupdated_date": "2013-07-03T16:19:05", 
        "order": 2
    }
},
{
    "pk": 4103, 
    "model": "quiz.response", 
    "fields": {
        "title": "true", 
        "question": 1853, 
        "score": "0.00", 
        "created_date": "2013-07-03T16:19:06", 
        "owner": 319, 
        "lastupdated_date": "2013-07-03T16:19:06", 
        "order": 1
    }
},
{
    "pk": 4104, 
    "model": "quiz.response", 
    "fields": {
        "title": "false", 
        "question": 1853, 
        "score": "1.00", 
        "created_date": "2013-07-03T16:19:06", 
        "owner": 319, 
        "lastupdated_date": "2013-07-03T16:19:06", 
        "order": 2
    }
},
{
    "pk": 4105, 
    "model": "quiz.response", 
    "fields": {
        "title": "true", 
        "question": 1854, 
        "score": "1.00", 
        "created_date": "2013-07-03T16:19:17", 
        "owner": 319, 
        "lastupdated_date": "2013-07-03T16:19:17", 
        "order": 1
    }
},
{
    "pk": 4106, 
    "model": "quiz.response", 
    "fields": {
        "title": "false", 
        "question": 1854, 
        "score": "0.00", 
        "created_date": "2013-07-03T16:19:17", 
        "owner": 319, 
        "lastupdated_date": "2013-07-03T16:19:17", 
        "order": 2
    }
},
{
    "pk": 4107, 
    "model": "quiz.response", 
    "fields": {
        "title": "true", 
        "question": 1855, 
        "score": "1.00", 
        "created_date": "2013-07-03T16:19:18", 
        "owner": 319, 
        "lastupdated_date": "2013-07-03T16:19:18", 
        "order": 1
    }
},
{
    "pk": 4108, 
    "model": "quiz.response", 
    "fields": {
        "title": "false", 
        "question": 1855, 
        "score": "0.00", 
        "created_date": "2013-07-03T16:19:18", 
        "owner": 319, 
        "lastupdated_date": "2013-07-03T16:19:18", 
        "order": 2
    }
},
{
    "pk": 4109, 
    "model": "quiz.response", 
    "fields": {
        "title": "true", 
        "question": 1856, 
        "score": "0.00", 
        "created_date": "2013-07-03T16:19:18", 
        "owner": 319, 
        "lastupdated_date": "2013-07-03T16:19:18", 
        "order": 1
    }
},
{
    "pk": 4110, 
    "model": "quiz.response", 
    "fields": {
        "title": "false", 
        "question": 1856, 
        "score": "1.00", 
        "created_date": "2013-07-03T16:19:19", 
        "owner": 319, 
        "lastupdated_date": "2013-07-03T16:19:19", 
        "order": 2
    }
},
{
    "pk": 4111, 
    "model": "quiz.response", 
    "fields": {
        "title": "true", 
        "question": 1857, 
        "score": "0.00", 
        "created_date": "2013-07-03T16:19:29", 
        "owner": 319, 
        "lastupdated_date": "2013-07-03T16:19:29", 
        "order": 1
    }
},
{
    "pk": 4112, 
    "model": "quiz.response", 
    "fields": {
        "title": "false", 
        "question": 1857, 
        "score": "1.00", 
        "created_date": "2013-07-03T16:19:30", 
        "owner": 319, 
        "lastupdated_date": "2013-07-03T16:19:30", 
        "order": 2
    }
},
{
    "pk": 4113, 
    "model": "quiz.response", 
    "fields": {
        "title": "true", 
        "question": 1858, 
        "score": "1.00", 
        "created_date": "2013-07-03T16:19:30", 
        "owner": 319, 
        "lastupdated_date": "2013-07-03T16:19:30", 
        "order": 1
    }
},
{
    "pk": 4114, 
    "model": "quiz.response", 
    "fields": {
        "title": "false", 
        "question": 1858, 
        "score": "0.00", 
        "created_date": "2013-07-03T16:19:30", 
        "owner": 319, 
        "lastupdated_date": "2013-07-03T16:19:30", 
        "order": 2
    }
},
{
    "pk": 4115, 
    "model": "quiz.response", 
    "fields": {
        "title": "true", 
        "question": 1859, 
        "score": "0.00", 
        "created_date": "2013-07-03T16:19:31", 
        "owner": 319, 
        "lastupdated_date": "2013-07-03T16:19:31", 
        "order": 1
    }
},
{
    "pk": 4116, 
    "model": "quiz.response", 
    "fields": {
        "title": "false", 
        "question": 1859, 
        "score": "1.00", 
        "created_date": "2013-07-03T16:19:31", 
        "owner": 319, 
        "lastupdated_date": "2013-07-03T16:19:31", 
        "order": 2
    }
},
{
    "pk": 4117, 
    "model": "quiz.response", 
    "fields": {
        "title": "true", 
        "question": 1860, 
        "score": "0.00", 
        "created_date": "2013-07-03T16:19:42", 
        "owner": 319, 
        "lastupdated_date": "2013-07-03T16:19:42", 
        "order": 1
    }
},
{
    "pk": 4118, 
    "model": "quiz.response", 
    "fields": {
        "title": "false", 
        "question": 1860, 
        "score": "1.00", 
        "created_date": "2013-07-03T16:19:42", 
        "owner": 319, 
        "lastupdated_date": "2013-07-03T16:19:42", 
        "order": 2
    }
},
{
    "pk": 4119, 
    "model": "quiz.response", 
    "fields": {
        "title": "true", 
        "question": 1861, 
        "score": "1.00", 
        "created_date": "2013-07-03T16:19:43", 
        "owner": 319, 
        "lastupdated_date": "2013-07-03T16:19:43", 
        "order": 1
    }
},
{
    "pk": 4120, 
    "model": "quiz.response", 
    "fields": {
        "title": "false", 
        "question": 1861, 
        "score": "0.00", 
        "created_date": "2013-07-03T16:19:43", 
        "owner": 319, 
        "lastupdated_date": "2013-07-03T16:19:43", 
        "order": 2
    }
},
{
    "pk": 4121, 
    "model": "quiz.response", 
    "fields": {
        "title": "true", 
        "question": 1862, 
        "score": "1.00", 
        "created_date": "2013-07-03T16:19:44", 
        "owner": 319, 
        "lastupdated_date": "2013-07-03T16:19:44", 
        "order": 1
    }
},
{
    "pk": 4122, 
    "model": "quiz.response", 
    "fields": {
        "title": "false", 
        "question": 1862, 
        "score": "0.00", 
        "created_date": "2013-07-03T16:19:44", 
        "owner": 319, 
        "lastupdated_date": "2013-07-03T16:19:44", 
        "order": 2
    }
},
{
    "pk": 4123, 
    "model": "quiz.response", 
    "fields": {
        "title": "true", 
        "question": 1863, 
        "score": "1.00", 
        "created_date": "2013-07-03T16:19:55", 
        "owner": 319, 
        "lastupdated_date": "2013-07-03T16:19:55", 
        "order": 1
    }
},
{
    "pk": 4124, 
    "model": "quiz.response", 
    "fields": {
        "title": "false", 
        "question": 1863, 
        "score": "0.00", 
        "created_date": "2013-07-03T16:19:55", 
        "owner": 319, 
        "lastupdated_date": "2013-07-03T16:19:55", 
        "order": 2
    }
},
{
    "pk": 4125, 
    "model": "quiz.response", 
    "fields": {
        "title": "true", 
        "question": 1864, 
        "score": "0.00", 
        "created_date": "2013-07-03T16:19:56", 
        "owner": 319, 
        "lastupdated_date": "2013-07-03T16:19:56", 
        "order": 1
    }
},
{
    "pk": 4126, 
    "model": "quiz.response", 
    "fields": {
        "title": "false", 
        "question": 1864, 
        "score": "1.00", 
        "created_date": "2013-07-03T16:19:56", 
        "owner": 319, 
        "lastupdated_date": "2013-07-03T16:19:56", 
        "order": 2
    }
},
{
    "pk": 4127, 
    "model": "quiz.response", 
    "fields": {
        "title": "true", 
        "question": 1865, 
        "score": "0.00", 
        "created_date": "2013-07-03T16:19:56", 
        "owner": 319, 
        "lastupdated_date": "2013-07-03T16:19:56", 
        "order": 1
    }
},
{
    "pk": 4128, 
    "model": "quiz.response", 
    "fields": {
        "title": "false", 
        "question": 1865, 
        "score": "1.00", 
        "created_date": "2013-07-03T16:19:57", 
        "owner": 319, 
        "lastupdated_date": "2013-07-03T16:19:57", 
        "order": 2
    }
},
{
    "pk": 4129, 
    "model": "quiz.response", 
    "fields": {
        "title": "yes", 
        "question": 1866, 
        "score": "0.00", 
        "created_date": "2013-07-03T16:20:08", 
        "owner": 319, 
        "lastupdated_date": "2013-07-03T16:20:08", 
        "order": 1
    }
},
{
    "pk": 4130, 
    "model": "quiz.response", 
    "fields": {
        "title": "no", 
        "question": 1866, 
        "score": "1.00", 
        "created_date": "2013-07-03T16:20:08", 
        "owner": 319, 
        "lastupdated_date": "2013-07-03T16:20:08", 
        "order": 2
    }
},
{
    "pk": 4131, 
    "model": "quiz.response", 
    "fields": {
        "title": "true", 
        "question": 1867, 
        "score": "1.00", 
        "created_date": "2013-07-03T16:20:19", 
        "owner": 319, 
        "lastupdated_date": "2013-07-03T16:20:19", 
        "order": 1
    }
},
{
    "pk": 4132, 
    "model": "quiz.response", 
    "fields": {
        "title": "false", 
        "question": 1867, 
        "score": "0.00", 
        "created_date": "2013-07-03T16:20:19", 
        "owner": 319, 
        "lastupdated_date": "2013-07-03T16:20:19", 
        "order": 2
    }
},
{
    "pk": 4133, 
    "model": "quiz.response", 
    "fields": {
        "title": "true", 
        "question": 1868, 
        "score": "1.00", 
        "created_date": "2013-07-03T16:20:19", 
        "owner": 319, 
        "lastupdated_date": "2013-07-03T16:20:19", 
        "order": 1
    }
},
{
    "pk": 4134, 
    "model": "quiz.response", 
    "fields": {
        "title": "false", 
        "question": 1868, 
        "score": "0.00", 
        "created_date": "2013-07-03T16:20:20", 
        "owner": 319, 
        "lastupdated_date": "2013-07-03T16:20:20", 
        "order": 2
    }
},
{
    "pk": 4135, 
    "model": "quiz.response", 
    "fields": {
        "title": "true", 
        "question": 1869, 
        "score": "1.00", 
        "created_date": "2013-07-03T16:20:20", 
        "owner": 319, 
        "lastupdated_date": "2013-07-03T16:20:20", 
        "order": 1
    }
},
{
    "pk": 4136, 
    "model": "quiz.response", 
    "fields": {
        "title": "false", 
        "question": 1869, 
        "score": "0.00", 
        "created_date": "2013-07-03T16:20:20", 
        "owner": 319, 
        "lastupdated_date": "2013-07-03T16:20:20", 
        "order": 2
    }
},
{
    "pk": 4137, 
    "model": "quiz.response", 
    "fields": {
        "title": "true", 
        "question": 1870, 
        "score": "1.00", 
        "created_date": "2013-07-03T16:20:31", 
        "owner": 319, 
        "lastupdated_date": "2013-07-03T16:20:31", 
        "order": 1
    }
},
{
    "pk": 4138, 
    "model": "quiz.response", 
    "fields": {
        "title": "false", 
        "question": 1870, 
        "score": "0.00", 
        "created_date": "2013-07-03T16:20:32", 
        "owner": 319, 
        "lastupdated_date": "2013-07-03T16:20:32", 
        "order": 2
    }
},
{
    "pk": 4139, 
    "model": "quiz.response", 
    "fields": {
        "title": "true", 
        "question": 1871, 
        "score": "1.00", 
        "created_date": "2013-07-03T16:20:32", 
        "owner": 319, 
        "lastupdated_date": "2013-07-03T16:20:32", 
        "order": 1
    }
},
{
    "pk": 4140, 
    "model": "quiz.response", 
    "fields": {
        "title": "false", 
        "question": 1871, 
        "score": "0.00", 
        "created_date": "2013-07-03T16:20:32", 
        "owner": 319, 
        "lastupdated_date": "2013-07-03T16:20:32", 
        "order": 2
    }
},
{
    "pk": 4141, 
    "model": "quiz.response", 
    "fields": {
        "title": "true", 
        "question": 1872, 
        "score": "0.00", 
        "created_date": "2013-07-03T16:20:33", 
        "owner": 319, 
        "lastupdated_date": "2013-07-03T16:20:33", 
        "order": 1
    }
},
{
    "pk": 4142, 
    "model": "quiz.response", 
    "fields": {
        "title": "false", 
        "question": 1872, 
        "score": "1.00", 
        "created_date": "2013-07-03T16:20:33", 
        "owner": 319, 
        "lastupdated_date": "2013-07-03T16:20:33", 
        "order": 2
    }
},
{
    "pk": 4143, 
    "model": "quiz.response", 
    "fields": {
        "title": "true", 
        "question": 1873, 
        "score": "0.00", 
        "created_date": "2013-07-03T16:20:44", 
        "owner": 319, 
        "lastupdated_date": "2013-07-03T16:20:44", 
        "order": 1
    }
},
{
    "pk": 4144, 
    "model": "quiz.response", 
    "fields": {
        "title": "false", 
        "question": 1873, 
        "score": "1.00", 
        "created_date": "2013-07-03T16:20:44", 
        "owner": 319, 
        "lastupdated_date": "2013-07-03T16:20:44", 
        "order": 2
    }
},
{
    "pk": 4145, 
    "model": "quiz.response", 
    "fields": {
        "title": "true", 
        "question": 1874, 
        "score": "1.00", 
        "created_date": "2013-07-03T16:20:45", 
        "owner": 319, 
        "lastupdated_date": "2013-07-03T16:20:45", 
        "order": 1
    }
},
{
    "pk": 4146, 
    "model": "quiz.response", 
    "fields": {
        "title": "false", 
        "question": 1874, 
        "score": "0.00", 
        "created_date": "2013-07-03T16:20:45", 
        "owner": 319, 
        "lastupdated_date": "2013-07-03T16:20:45", 
        "order": 2
    }
},
{
    "pk": 4147, 
    "model": "quiz.response", 
    "fields": {
        "title": "true", 
        "question": 1875, 
        "score": "1.00", 
        "created_date": "2013-07-03T16:20:45", 
        "owner": 319, 
        "lastupdated_date": "2013-07-03T16:20:45", 
        "order": 1
    }
},
{
    "pk": 4148, 
    "model": "quiz.response", 
    "fields": {
        "title": "false", 
        "question": 1875, 
        "score": "0.00", 
        "created_date": "2013-07-03T16:20:46", 
        "owner": 319, 
        "lastupdated_date": "2013-07-03T16:20:46", 
        "order": 2
    }
},
{
    "pk": 4149, 
    "model": "quiz.response", 
    "fields": {
        "title": "true", 
        "question": 1876, 
        "score": "0.00", 
        "created_date": "2013-07-03T16:20:57", 
        "owner": 319, 
        "lastupdated_date": "2013-07-03T16:20:57", 
        "order": 1
    }
},
{
    "pk": 4150, 
    "model": "quiz.response", 
    "fields": {
        "title": "false", 
        "question": 1876, 
        "score": "1.00", 
        "created_date": "2013-07-03T16:20:57", 
        "owner": 319, 
        "lastupdated_date": "2013-07-03T16:20:57", 
        "order": 2
    }
},
{
    "pk": 4151, 
    "model": "quiz.response", 
    "fields": {
        "title": "true", 
        "question": 1877, 
        "score": "1.00", 
        "created_date": "2013-07-03T16:20:57", 
        "owner": 319, 
        "lastupdated_date": "2013-07-03T16:20:57", 
        "order": 1
    }
},
{
    "pk": 4152, 
    "model": "quiz.response", 
    "fields": {
        "title": "false", 
        "question": 1877, 
        "score": "0.00", 
        "created_date": "2013-07-03T16:20:58", 
        "owner": 319, 
        "lastupdated_date": "2013-07-03T16:20:58", 
        "order": 2
    }
},
{
    "pk": 4153, 
    "model": "quiz.response", 
    "fields": {
        "title": "true", 
        "question": 1878, 
        "score": "0.00", 
        "created_date": "2013-07-03T16:20:58", 
        "owner": 319, 
        "lastupdated_date": "2013-07-03T16:20:58", 
        "order": 1
    }
},
{
    "pk": 4154, 
    "model": "quiz.response", 
    "fields": {
        "title": "false", 
        "question": 1878, 
        "score": "1.00", 
        "created_date": "2013-07-03T16:20:58", 
        "owner": 319, 
        "lastupdated_date": "2013-07-03T16:20:58", 
        "order": 2
    }
},
{
    "pk": 4155, 
    "model": "quiz.response", 
    "fields": {
        "title": "true", 
        "question": 1879, 
        "score": "0.00", 
        "created_date": "2013-07-03T16:21:09", 
        "owner": 319, 
        "lastupdated_date": "2013-07-03T16:21:09", 
        "order": 1
    }
},
{
    "pk": 4156, 
    "model": "quiz.response", 
    "fields": {
        "title": "false", 
        "question": 1879, 
        "score": "1.00", 
        "created_date": "2013-07-03T16:21:10", 
        "owner": 319, 
        "lastupdated_date": "2013-07-03T16:21:10", 
        "order": 2
    }
},
{
    "pk": 4157, 
    "model": "quiz.response", 
    "fields": {
        "title": "true", 
        "question": 1880, 
        "score": "0.00", 
        "created_date": "2013-07-03T16:21:10", 
        "owner": 319, 
        "lastupdated_date": "2013-07-03T16:21:10", 
        "order": 1
    }
},
{
    "pk": 4158, 
    "model": "quiz.response", 
    "fields": {
        "title": "false", 
        "question": 1880, 
        "score": "1.00", 
        "created_date": "2013-07-03T16:21:10", 
        "owner": 319, 
        "lastupdated_date": "2013-07-03T16:21:10", 
        "order": 2
    }
},
{
    "pk": 4159, 
    "model": "quiz.response", 
    "fields": {
        "title": "true", 
        "question": 1881, 
        "score": "1.00", 
        "created_date": "2013-07-03T16:21:11", 
        "owner": 319, 
        "lastupdated_date": "2013-07-03T16:21:11", 
        "order": 1
    }
},
{
    "pk": 4160, 
    "model": "quiz.response", 
    "fields": {
        "title": "false", 
        "question": 1881, 
        "score": "0.00", 
        "created_date": "2013-07-03T16:21:11", 
        "owner": 319, 
        "lastupdated_date": "2013-07-03T16:21:11", 
        "order": 2
    }
},
{
    "pk": 4161, 
    "model": "quiz.response", 
    "fields": {
        "title": "true", 
        "question": 1882, 
        "score": "0.00", 
        "created_date": "2013-07-03T16:21:22", 
        "owner": 319, 
        "lastupdated_date": "2013-07-03T16:21:22", 
        "order": 1
    }
},
{
    "pk": 4162, 
    "model": "quiz.response", 
    "fields": {
        "title": "false", 
        "question": 1882, 
        "score": "1.00", 
        "created_date": "2013-07-03T16:21:22", 
        "owner": 319, 
        "lastupdated_date": "2013-07-03T16:21:22", 
        "order": 2
    }
},
{
    "pk": 4163, 
    "model": "quiz.response", 
    "fields": {
        "title": "true", 
        "question": 1883, 
        "score": "1.00", 
        "created_date": "2013-07-03T16:21:23", 
        "owner": 319, 
        "lastupdated_date": "2013-07-03T16:21:23", 
        "order": 1
    }
},
{
    "pk": 4164, 
    "model": "quiz.response", 
    "fields": {
        "title": "false", 
        "question": 1883, 
        "score": "0.00", 
        "created_date": "2013-07-03T16:21:23", 
        "owner": 319, 
        "lastupdated_date": "2013-07-03T16:21:23", 
        "order": 2
    }
},
{
    "pk": 4165, 
    "model": "quiz.response", 
    "fields": {
        "title": "true", 
        "question": 1884, 
        "score": "0.00", 
        "created_date": "2013-07-03T16:21:24", 
        "owner": 319, 
        "lastupdated_date": "2013-07-03T16:21:24", 
        "order": 1
    }
},
{
    "pk": 4166, 
    "model": "quiz.response", 
    "fields": {
        "title": "false", 
        "question": 1884, 
        "score": "1.00", 
        "created_date": "2013-07-03T16:21:24", 
        "owner": 319, 
        "lastupdated_date": "2013-07-03T16:21:24", 
        "order": 2
    }
},
{
    "pk": 352, 
    "model": "quiz.quiz", 
    "fields": {
        "description": "Planning Antenatal Care", 
        "title": "ANC 1 SAQs", 
        "deleted": false, 
        "draft": false, 
        "created_date": "2013-07-03T16:17:44", 
        "owner": 319, 
        "lastupdated_date": "2013-07-03T16:17:44"
    }
},
{
    "pk": 353, 
    "model": "quiz.quiz", 
    "fields": {
        "description": "Anatomy and Physiology of the Female Reproductive System", 
        "title": "ANC 3 SAQs", 
        "deleted": false, 
        "draft": false, 
        "created_date": "2013-07-03T16:17:59", 
        "owner": 319, 
        "lastupdated_date": "2013-07-03T16:17:59"
    }
},
{
    "pk": 354, 
    "model": "quiz.quiz", 
    "fields": {
        "description": "Fertilisation, Implantation and the Fetal and Placental Circulation", 
        "title": "ANC 5 SAQs", 
        "deleted": false, 
        "draft": false, 
        "created_date": "2013-07-03T16:18:13", 
        "owner": 319, 
        "lastupdated_date": "2013-07-03T16:18:13"
    }
},
{
    "pk": 355, 
    "model": "quiz.quiz", 
    "fields": {
        "description": "Anatomy of the Female Pelvis and Fetal Skull", 
        "title": "ANC 6 SAQs", 
        "deleted": false, 
        "draft": false, 
        "created_date": "2013-07-03T16:18:26", 
        "owner": 319, 
        "lastupdated_date": "2013-07-03T16:18:26"
    }
},
{
    "pk": 356, 
    "model": "quiz.quiz", 
    "fields": {
        "description": "Physiological Changes During Pregnancy", 
        "title": "ANC 7 SAQs", 
        "deleted": false, 
        "draft": false, 
        "created_date": "2013-07-03T16:18:39", 
        "owner": 319, 
        "lastupdated_date": "2013-07-03T16:18:39"
    }
},
{
    "pk": 357, 
    "model": "quiz.quiz", 
    "fields": {
        "description": "General Assessment of the Pregnant Woman", 
        "title": "ANC 9 SAQs", 
        "deleted": false, 
        "draft": false, 
        "created_date": "2013-07-03T16:18:51", 
        "owner": 319, 
        "lastupdated_date": "2013-07-03T16:18:51"
    }
},
{
    "pk": 358, 
    "model": "quiz.quiz", 
    "fields": {
        "description": "Estimating Gestational Age from Fundal Height Measurement", 
        "title": "ANC 10 SAQs", 
        "deleted": false, 
        "draft": false, 
        "created_date": "2013-07-03T16:19:04", 
        "owner": 319, 
        "lastupdated_date": "2013-07-03T16:19:04"
    }
},
{
    "pk": 359, 
    "model": "quiz.quiz", 
    "fields": {
        "description": "Assessing the Fetus", 
        "title": "ANC 11 SAQs", 
        "deleted": false, 
        "draft": false, 
        "created_date": "2013-07-03T16:19:16", 
        "owner": 319, 
        "lastupdated_date": "2013-07-03T16:19:16"
    }
},
{
    "pk": 360, 
    "model": "quiz.quiz", 
    "fields": {
        "description": "Providing Focused Antenatal Care", 
        "title": "ANC 13 SAQs", 
        "deleted": false, 
        "draft": false, 
        "created_date": "2013-07-03T16:19:29", 
        "owner": 319, 
        "lastupdated_date": "2013-07-03T16:19:29"
    }
},
{
    "pk": 361, 
    "model": "quiz.quiz", 
    "fields": {
        "description": "Health Promotion Issues During Pregnancy", 
        "title": "ANC 14 SAQs", 
        "deleted": false, 
        "draft": false, 
        "created_date": "2013-07-03T16:19:42", 
        "owner": 319, 
        "lastupdated_date": "2013-07-03T16:19:42"
    }
},
{
    "pk": 362, 
    "model": "quiz.quiz", 
    "fields": {
        "description": "Counselling Pregnant Women on Danger Symptoms", 
        "title": "ANC 15 SAQs", 
        "deleted": false, 
        "draft": false, 
        "created_date": "2013-07-03T16:19:54", 
        "owner": 319, 
        "lastupdated_date": "2013-07-03T16:19:54"
    }
},
{
    "pk": 363, 
    "model": "quiz.quiz", 
    "fields": {
        "description": "Antenatal Interventions to Reduce Mother to Child Transmission of HIV", 
        "title": "ANC 16 SAQs", 
        "deleted": false, 
        "draft": false, 
        "created_date": "2013-07-03T16:20:07", 
        "owner": 319, 
        "lastupdated_date": "2013-07-03T16:20:07"
    }
},
{
    "pk": 364, 
    "model": "quiz.quiz", 
    "fields": {
        "description": "Premature Rupture of Membranes (PROM)", 
        "title": "ANC 17 SAQs", 
        "deleted": false, 
        "draft": false, 
        "created_date": "2013-07-03T16:20:18", 
        "owner": 319, 
        "lastupdated_date": "2013-07-03T16:20:18"
    }
},
{
    "pk": 365, 
    "model": "quiz.quiz", 
    "fields": {
        "description": "Common Medical Disorders in Pregnancy", 
        "title": "ANC 18 SAQs", 
        "deleted": false, 
        "draft": false, 
        "created_date": "2013-07-03T16:20:31", 
        "owner": 319, 
        "lastupdated_date": "2013-07-03T16:20:31"
    }
},
{
    "pk": 366, 
    "model": "quiz.quiz", 
    "fields": {
        "description": "Hypertensive Disorders of Pregnancy", 
        "title": "ANC 19 SAQs", 
        "deleted": false, 
        "draft": false, 
        "created_date": "2013-07-03T16:20:44", 
        "owner": 319, 
        "lastupdated_date": "2013-07-03T16:20:44"
    }
},
{
    "pk": 367, 
    "model": "quiz.quiz", 
    "fields": {
        "description": "Abortion and other Causes of Early Pregnancy Bleeding", 
        "title": "ANC 20 SAQs", 
        "deleted": false, 
        "draft": false, 
        "created_date": "2013-07-03T16:20:56", 
        "owner": 319, 
        "lastupdated_date": "2013-07-03T16:20:56"
    }
},
{
    "pk": 368, 
    "model": "quiz.quiz", 
    "fields": {
        "description": "Late Pregnancy Bleeding", 
        "title": "ANC 21 SAQs", 
        "deleted": false, 
        "draft": false, 
        "created_date": "2013-07-03T16:21:09", 
        "owner": 319, 
        "lastupdated_date": "2013-07-03T16:21:09"
    }
},
{
    "pk": 369, 
    "model": "quiz.quiz", 
    "fields": {
        "description": "Starting IV Fluid Therapy and Catheterising the Pregnant Woman", 
        "title": "ANC 22 SAQs", 
        "deleted": false, 
        "draft": false, 
        "created_date": "2013-07-03T16:21:22", 
        "owner": 319, 
        "lastupdated_date": "2013-07-03T16:21:22"
    }
},
{
    "pk": 1623, 
    "model": "quiz.quizquestion", 
    "fields": {
        "question": 1829, 
        "order": 1, 
        "quiz": 352
    }
},
{
    "pk": 1624, 
    "model": "quiz.quizquestion", 
    "fields": {
        "question": 1830, 
        "order": 2, 
        "quiz": 352
    }
},
{
    "pk": 1625, 
    "model": "quiz.quizquestion", 
    "fields": {
        "question": 1831, 
        "order": 3, 
        "quiz": 352
    }
},
{
    "pk": 1626, 
    "model": "quiz.quizquestion", 
    "fields": {
        "question": 1832, 
        "order": 4, 
        "quiz": 352
    }
},
{
    "pk": 1627, 
    "model": "quiz.quizquestion", 
    "fields": {
        "question": 1833, 
        "order": 5, 
        "quiz": 352
    }
},
{
    "pk": 1628, 
    "model": "quiz.quizquestion", 
    "fields": {
        "question": 1834, 
        "order": 1, 
        "quiz": 353
    }
},
{
    "pk": 1629, 
    "model": "quiz.quizquestion", 
    "fields": {
        "question": 1835, 
        "order": 2, 
        "quiz": 353
    }
},
{
    "pk": 1630, 
    "model": "quiz.quizquestion", 
    "fields": {
        "question": 1836, 
        "order": 3, 
        "quiz": 353
    }
},
{
    "pk": 1631, 
    "model": "quiz.quizquestion", 
    "fields": {
        "question": 1837, 
        "order": 4, 
        "quiz": 353
    }
},
{
    "pk": 1632, 
    "model": "quiz.quizquestion", 
    "fields": {
        "question": 1838, 
        "order": 5, 
        "quiz": 353
    }
},
{
    "pk": 1633, 
    "model": "quiz.quizquestion", 
    "fields": {
        "question": 1839, 
        "order": 1, 
        "quiz": 354
    }
},
{
    "pk": 1634, 
    "model": "quiz.quizquestion", 
    "fields": {
        "question": 1840, 
        "order": 2, 
        "quiz": 354
    }
},
{
    "pk": 1635, 
    "model": "quiz.quizquestion", 
    "fields": {
        "question": 1841, 
        "order": 3, 
        "quiz": 354
    }
},
{
    "pk": 1636, 
    "model": "quiz.quizquestion", 
    "fields": {
        "question": 1842, 
        "order": 1, 
        "quiz": 355
    }
},
{
    "pk": 1637, 
    "model": "quiz.quizquestion", 
    "fields": {
        "question": 1843, 
        "order": 2, 
        "quiz": 355
    }
},
{
    "pk": 1638, 
    "model": "quiz.quizquestion", 
    "fields": {
        "question": 1844, 
        "order": 3, 
        "quiz": 355
    }
},
{
    "pk": 1639, 
    "model": "quiz.quizquestion", 
    "fields": {
        "question": 1845, 
        "order": 1, 
        "quiz": 356
    }
},
{
    "pk": 1640, 
    "model": "quiz.quizquestion", 
    "fields": {
        "question": 1846, 
        "order": 2, 
        "quiz": 356
    }
},
{
    "pk": 1641, 
    "model": "quiz.quizquestion", 
    "fields": {
        "question": 1847, 
        "order": 3, 
        "quiz": 356
    }
},
{
    "pk": 1642, 
    "model": "quiz.quizquestion", 
    "fields": {
        "question": 1848, 
        "order": 1, 
        "quiz": 357
    }
},
{
    "pk": 1643, 
    "model": "quiz.quizquestion", 
    "fields": {
        "question": 1849, 
        "order": 2, 
        "quiz": 357
    }
},
{
    "pk": 1644, 
    "model": "quiz.quizquestion", 
    "fields": {
        "question": 1850, 
        "order": 3, 
        "quiz": 357
    }
},
{
    "pk": 1645, 
    "model": "quiz.quizquestion", 
    "fields": {
        "question": 1851, 
        "order": 1, 
        "quiz": 358
    }
},
{
    "pk": 1646, 
    "model": "quiz.quizquestion", 
    "fields": {
        "question": 1852, 
        "order": 2, 
        "quiz": 358
    }
},
{
    "pk": 1647, 
    "model": "quiz.quizquestion", 
    "fields": {
        "question": 1853, 
        "order": 3, 
        "quiz": 358
    }
},
{
    "pk": 1648, 
    "model": "quiz.quizquestion", 
    "fields": {
        "question": 1854, 
        "order": 1, 
        "quiz": 359
    }
},
{
    "pk": 1649, 
    "model": "quiz.quizquestion", 
    "fields": {
        "question": 1855, 
        "order": 2, 
        "quiz": 359
    }
},
{
    "pk": 1650, 
    "model": "quiz.quizquestion", 
    "fields": {
        "question": 1856, 
        "order": 3, 
        "quiz": 359
    }
},
{
    "pk": 1651, 
    "model": "quiz.quizquestion", 
    "fields": {
        "question": 1857, 
        "order": 1, 
        "quiz": 360
    }
},
{
    "pk": 1652, 
    "model": "quiz.quizquestion", 
    "fields": {
        "question": 1858, 
        "order": 2, 
        "quiz": 360
    }
},
{
    "pk": 1653, 
    "model": "quiz.quizquestion", 
    "fields": {
        "question": 1859, 
        "order": 3, 
        "quiz": 360
    }
},
{
    "pk": 1654, 
    "model": "quiz.quizquestion", 
    "fields": {
        "question": 1860, 
        "order": 1, 
        "quiz": 361
    }
},
{
    "pk": 1655, 
    "model": "quiz.quizquestion", 
    "fields": {
        "question": 1861, 
        "order": 2, 
        "quiz": 361
    }
},
{
    "pk": 1656, 
    "model": "quiz.quizquestion", 
    "fields": {
        "question": 1862, 
        "order": 3, 
        "quiz": 361
    }
},
{
    "pk": 1657, 
    "model": "quiz.quizquestion", 
    "fields": {
        "question": 1863, 
        "order": 1, 
        "quiz": 362
    }
},
{
    "pk": 1658, 
    "model": "quiz.quizquestion", 
    "fields": {
        "question": 1864, 
        "order": 2, 
        "quiz": 362
    }
},
{
    "pk": 1659, 
    "model": "quiz.quizquestion", 
    "fields": {
        "question": 1865, 
        "order": 3, 
        "quiz": 362
    }
},
{
    "pk": 1660, 
    "model": "quiz.quizquestion", 
    "fields": {
        "question": 1866, 
        "order": 1, 
        "quiz": 363
    }
},
{
    "pk": 1661, 
    "model": "quiz.quizquestion", 
    "fields": {
        "question": 1867, 
        "order": 1, 
        "quiz": 364
    }
},
{
    "pk": 1662, 
    "model": "quiz.quizquestion", 
    "fields": {
        "question": 1868, 
        "order": 2, 
        "quiz": 364
    }
},
{
    "pk": 1663, 
    "model": "quiz.quizquestion", 
    "fields": {
        "question": 1869, 
        "order": 3, 
        "quiz": 364
    }
},
{
    "pk": 1664, 
    "model": "quiz.quizquestion", 
    "fields": {
        "question": 1870, 
        "order": 1, 
        "quiz": 365
    }
},
{
    "pk": 1665, 
    "model": "quiz.quizquestion", 
    "fields": {
        "question": 1871, 
        "order": 2, 
        "quiz": 365
    }
},
{
    "pk": 1666, 
    "model": "quiz.quizquestion", 
    "fields": {
        "question": 1872, 
        "order": 3, 
        "quiz": 365
    }
},
{
    "pk": 1667, 
    "model": "quiz.quizquestion", 
    "fields": {
        "question": 1873, 
        "order": 1, 
        "quiz": 366
    }
},
{
    "pk": 1668, 
    "model": "quiz.quizquestion", 
    "fields": {
        "question": 1874, 
        "order": 2, 
        "quiz": 366
    }
},
{
    "pk": 1669, 
    "model": "quiz.quizquestion", 
    "fields": {
        "question": 1875, 
        "order": 3, 
        "quiz": 366
    }
},
{
    "pk": 1670, 
    "model": "quiz.quizquestion", 
    "fields": {
        "question": 1876, 
        "order": 1, 
        "quiz": 367
    }
},
{
    "pk": 1671, 
    "model": "quiz.quizquestion", 
    "fields": {
        "question": 1877, 
        "order": 2, 
        "quiz": 367
    }
},
{
    "pk": 1672, 
    "model": "quiz.quizquestion", 
    "fields": {
        "question": 1878, 
        "order": 3, 
        "quiz": 367
    }
},
{
    "pk": 1673, 
    "model": "quiz.quizquestion", 
    "fields": {
        "question": 1879, 
        "order": 1, 
        "quiz": 368
    }
},
{
    "pk": 1674, 
    "model": "quiz.quizquestion", 
    "fields": {
        "question": 1880, 
        "order": 2, 
        "quiz": 368
    }
},
{
    "pk": 1675, 
    "model": "quiz.quizquestion", 
    "fields": {
        "question": 1881, 
        "order": 3, 
        "quiz": 368
    }
},
{
    "pk": 1676, 
    "model": "quiz.quizquestion", 
    "fields": {
        "question": 1882, 
        "order": 1, 
        "quiz": 369
    }
},
{
    "pk": 1677, 
    "model": "quiz.quizquestion", 
    "fields": {
        "question": 1883, 
        "order": 2, 
        "quiz": 369
    }
},
{
    "pk": 1678, 
    "model": "quiz.quizquestion", 
    "fields": {
        "question": 1884, 
        "order": 3, 
        "quiz": 369
    }
},
{
    "pk": 73, 
    "model": "quiz.quizprops", 
    "fields": {
        "name": "digest", 
        "value": "c721f922321fad5628b1cc900b4b8c21", 
        "quiz": 352
    }
},
{
    "pk": 74, 
    "model": "quiz.quizprops", 
    "fields": {
        "name": "digest", 
        "value": "fa2e5e5c6b703ef381ce8650151f71d6", 
        "quiz": 353
    }
},
{
    "pk": 75, 
    "model": "quiz.quizprops", 
    "fields": {
        "name": "digest", 
        "value": "4508d7b62fc7b7e09416388d51800068", 
        "quiz": 354
    }
},
{
    "pk": 76, 
    "model": "quiz.quizprops", 
    "fields": {
        "name": "digest", 
        "value": "4a4a3d64c1285fe10174cb7074564d0c", 
        "quiz": 355
    }
},
{
    "pk": 77, 
    "model": "quiz.quizprops", 
    "fields": {
        "name": "digest", 
        "value": "1b11caab79dcb6de61e73be9d54d76b8", 
        "quiz": 356
    }
},
{
    "pk": 78, 
    "model": "quiz.quizprops", 
    "fields": {
        "name": "digest", 
        "value": "76169f590d6e05d3422640d8423dcfe1", 
        "quiz": 357
    }
},
{
    "pk": 79, 
    "model": "quiz.quizprops", 
    "fields": {
        "name": "digest", 
        "value": "6b30508671767bc48c849d31708d0715", 
        "quiz": 358
    }
},
{
    "pk": 80, 
    "model": "quiz.quizprops", 
    "fields": {
        "name": "digest", 
        "value": "2362cf6df9ea6e1ecca681b32090fe7b", 
        "quiz": 359
    }
},
{
    "pk": 81, 
    "model": "quiz.quizprops", 
    "fields": {
        "name": "digest", 
        "value": "fb8124d0ad21110a1b4b5d5e423903e7", 
        "quiz": 360
    }
},
{
    "pk": 82, 
    "model": "quiz.quizprops", 
    "fields": {
        "name": "digest", 
        "value": "9d5130aa4a70e3a43720284451cfb3cb", 
        "quiz": 361
    }
},
{
    "pk": 83, 
    "model": "quiz.quizprops", 
    "fields": {
        "name": "digest", 
        "value": "3e3a8a350bb3094ee017bfd1b8c56185", 
        "quiz": 362
    }
},
{
    "pk": 84, 
    "model": "quiz.quizprops", 
    "fields": {
        "name": "digest", 
        "value": "bfaa9867fac0007af0f21fb59c5091a8", 
        "quiz": 363
    }
},
{
    "pk": 85, 
    "model": "quiz.quizprops", 
    "fields": {
        "name": "digest", 
        "value": "c1d5546642a3419b3ce753cb04248678", 
        "quiz": 364
    }
},
{
    "pk": 86, 
    "model": "quiz.quizprops", 
    "fields": {
        "name": "digest", 
        "value": "7c075ee8c04194ad319ba7f7df2364ac", 
        "quiz": 365
    }
},
{
    "pk": 87, 
    "model": "quiz.quizprops", 
    "fields": {
        "name": "digest", 
        "value": "46560d74fec1669f1e784841b4bbf274", 
        "quiz": 366
    }
},
{
    "pk": 88, 
    "model": "quiz.quizprops", 
    "fields": {
        "name": "digest", 
        "value": "706de2708f4f91bfe23e85629338fd30", 
        "quiz": 367
    }
},
{
    "pk": 89, 
    "model": "quiz.quizprops", 
    "fields": {
        "name": "digest", 
        "value": "a60730c73ff76ceb9067cf017518796d", 
        "quiz": 368
    }
},
{
    "pk": 90, 
    "model": "quiz.quizprops", 
    "fields": {
        "name": "digest", 
        "value": "6da8a22a19448a9f09e9cb33054fc077", 
        "quiz": 369
    }
},
{
    "pk": 3329, 
    "model": "quiz.questionprops", 
    "fields": {
        "question": 1829, 
        "name": "maxscore", 
        "value": "1.0000000"
    }
},
{
    "pk": 3330, 
    "model": "quiz.questionprops", 
    "fields": {
        "question": 1830, 
        "name": "maxscore", 
        "value": "1.0000000"
    }
},
{
    "pk": 3331, 
    "model": "quiz.questionprops", 
    "fields": {
        "question": 1831, 
        "name": "maxscore", 
        "value": "1.0000000"
    }
},
{
    "pk": 3332, 
    "model": "quiz.questionprops", 
    "fields": {
        "question": 1832, 
        "name": "maxscore", 
        "value": "1.0000000"
    }
},
{
    "pk": 3333, 
    "model": "quiz.questionprops", 
    "fields": {
        "question": 1833, 
        "name": "maxscore", 
        "value": "1.0000000"
    }
},
{
    "pk": 3334, 
    "model": "quiz.questionprops", 
    "fields": {
        "question": 1834, 
        "name": "maxscore", 
        "value": "1.0000000"
    }
},
{
    "pk": 3335, 
    "model": "quiz.questionprops", 
    "fields": {
        "question": 1835, 
        "name": "maxscore", 
        "value": "1.0000000"
    }
},
{
    "pk": 3336, 
    "model": "quiz.questionprops", 
    "fields": {
        "question": 1836, 
        "name": "maxscore", 
        "value": "1.0000000"
    }
},
{
    "pk": 3337, 
    "model": "quiz.questionprops", 
    "fields": {
        "question": 1837, 
        "name": "maxscore", 
        "value": "1.0000000"
    }
},
{
    "pk": 3338, 
    "model": "quiz.questionprops", 
    "fields": {
        "question": 1838, 
        "name": "maxscore", 
        "value": "1.0000000"
    }
},
{
    "pk": 3339, 
    "model": "quiz.questionprops", 
    "fields": {
        "question": 1839, 
        "name": "maxscore", 
        "value": "1.0000000"
    }
},
{
    "pk": 3340, 
    "model": "quiz.questionprops", 
    "fields": {
        "question": 1840, 
        "name": "maxscore", 
        "value": "1.0000000"
    }
},
{
    "pk": 3341, 
    "model": "quiz.questionprops", 
    "fields": {
        "question": 1841, 
        "name": "maxscore", 
        "value": "1.0000000"
    }
},
{
    "pk": 3342, 
    "model": "quiz.questionprops", 
    "fields": {
        "question": 1842, 
        "name": "maxscore", 
        "value": "1.0000000"
    }
},
{
    "pk": 3343, 
    "model": "quiz.questionprops", 
    "fields": {
        "question": 1843, 
        "name": "maxscore", 
        "value": "1.0000000"
    }
},
{
    "pk": 3344, 
    "model": "quiz.questionprops", 
    "fields": {
        "question": 1844, 
        "name": "maxscore", 
        "value": "1.0000000"
    }
},
{
    "pk": 3345, 
    "model": "quiz.questionprops", 
    "fields": {
        "question": 1845, 
        "name": "maxscore", 
        "value": "1.0000000"
    }
},
{
    "pk": 3346, 
    "model": "quiz.questionprops", 
    "fields": {
        "question": 1846, 
        "name": "maxscore", 
        "value": "1.0000000"
    }
},
{
    "pk": 3347, 
    "model": "quiz.questionprops", 
    "fields": {
        "question": 1847, 
        "name": "maxscore", 
        "value": "1.0000000"
    }
},
{
    "pk": 3348, 
    "model": "quiz.questionprops", 
    "fields": {
        "question": 1848, 
        "name": "maxscore", 
        "value": "1.0000000"
    }
},
{
    "pk": 3349, 
    "model": "quiz.questionprops", 
    "fields": {
        "question": 1849, 
        "name": "maxscore", 
        "value": "1.0000000"
    }
},
{
    "pk": 3350, 
    "model": "quiz.questionprops", 
    "fields": {
        "question": 1850, 
        "name": "maxscore", 
        "value": "1.0000000"
    }
},
{
    "pk": 3351, 
    "model": "quiz.questionprops", 
    "fields": {
        "question": 1851, 
        "name": "maxscore", 
        "value": "1.0000000"
    }
},
{
    "pk": 3352, 
    "model": "quiz.questionprops", 
    "fields": {
        "question": 1852, 
        "name": "maxscore", 
        "value": "1.0000000"
    }
},
{
    "pk": 3353, 
    "model": "quiz.questionprops", 
    "fields": {
        "question": 1853, 
        "name": "maxscore", 
        "value": "1.0000000"
    }
},
{
    "pk": 3354, 
    "model": "quiz.questionprops", 
    "fields": {
        "question": 1854, 
        "name": "maxscore", 
        "value": "1.0000000"
    }
},
{
    "pk": 3355, 
    "model": "quiz.questionprops", 
    "fields": {
        "question": 1855, 
        "name": "maxscore", 
        "value": "1.0000000"
    }
},
{
    "pk": 3356, 
    "model": "quiz.questionprops", 
    "fields": {
        "question": 1856, 
        "name": "maxscore", 
        "value": "1.0000000"
    }
},
{
    "pk": 3357, 
    "model": "quiz.questionprops", 
    "fields": {
        "question": 1857, 
        "name": "maxscore", 
        "value": "1.0000000"
    }
},
{
    "pk": 3358, 
    "model": "quiz.questionprops", 
    "fields": {
        "question": 1858, 
        "name": "maxscore", 
        "value": "1.0000000"
    }
},
{
    "pk": 3359, 
    "model": "quiz.questionprops", 
    "fields": {
        "question": 1859, 
        "name": "maxscore", 
        "value": "1.0000000"
    }
},
{
    "pk": 3360, 
    "model": "quiz.questionprops", 
    "fields": {
        "question": 1860, 
        "name": "maxscore", 
        "value": "1.0000000"
    }
},
{
    "pk": 3361, 
    "model": "quiz.questionprops", 
    "fields": {
        "question": 1861, 
        "name": "maxscore", 
        "value": "1.0000000"
    }
},
{
    "pk": 3362, 
    "model": "quiz.questionprops", 
    "fields": {
        "question": 1862, 
        "name": "maxscore", 
        "value": "1.0000000"
    }
},
{
    "pk": 3363, 
    "model": "quiz.questionprops", 
    "fields": {
        "question": 1863, 
        "name": "maxscore", 
        "value": "1.0000000"
    }
},
{
    "pk": 3364, 
    "model": "quiz.questionprops", 
    "fields": {
        "question": 1864, 
        "name": "maxscore", 
        "value": "1.0000000"
    }
},
{
    "pk": 3365, 
    "model": "quiz.questionprops", 
    "fields": {
        "question": 1865, 
        "name": "maxscore", 
        "value": "1.0000000"
    }
},
{
    "pk": 3366, 
    "model": "quiz.questionprops", 
    "fields": {
        "question": 1866, 
        "name": "maxscore", 
        "value": "1.0000000"
    }
},
{
    "pk": 3367, 
    "model": "quiz.questionprops", 
    "fields": {
        "question": 1867, 
        "name": "maxscore", 
        "value": "1.0000000"
    }
},
{
    "pk": 3368, 
    "model": "quiz.questionprops", 
    "fields": {
        "question": 1868, 
        "name": "maxscore", 
        "value": "1.0000000"
    }
},
{
    "pk": 3369, 
    "model": "quiz.questionprops", 
    "fields": {
        "question": 1869, 
        "name": "maxscore", 
        "value": "1.0000000"
    }
},
{
    "pk": 3370, 
    "model": "quiz.questionprops", 
    "fields": {
        "question": 1870, 
        "name": "maxscore", 
        "value": "1.0000000"
    }
},
{
    "pk": 3371, 
    "model": "quiz.questionprops", 
    "fields": {
        "question": 1871, 
        "name": "maxscore", 
        "value": "1.0000000"
    }
},
{
    "pk": 3372, 
    "model": "quiz.questionprops", 
    "fields": {
        "question": 1872, 
        "name": "maxscore", 
        "value": "1.0000000"
    }
},
{
    "pk": 3373, 
    "model": "quiz.questionprops", 
    "fields": {
        "question": 1873, 
        "name": "maxscore", 
        "value": "1.0000000"
    }
},
{
    "pk": 3374, 
    "model": "quiz.questionprops", 
    "fields": {
        "question": 1874, 
        "name": "maxscore", 
        "value": "1.0000000"
    }
},
{
    "pk": 3375, 
    "model": "quiz.questionprops", 
    "fields": {
        "question": 1875, 
        "name": "maxscore", 
        "value": "1.0000000"
    }
},
{
    "pk": 3376, 
    "model": "quiz.questionprops", 
    "fields": {
        "question": 1876, 
        "name": "maxscore", 
        "value": "1.0000000"
    }
},
{
    "pk": 3377, 
    "model": "quiz.questionprops", 
    "fields": {
        "question": 1877, 
        "name": "maxscore", 
        "value": "1.0000000"
    }
},
{
    "pk": 3378, 
    "model": "quiz.questionprops", 
    "fields": {
        "question": 1878, 
        "name": "maxscore", 
        "value": "1.0000000"
    }
},
{
    "pk": 3379, 
    "model": "quiz.questionprops", 
    "fields": {
        "question": 1879, 
        "name": "maxscore", 
        "value": "1.0000000"
    }
},
{
    "pk": 3380, 
    "model": "quiz.questionprops", 
    "fields": {
        "question": 1880, 
        "name": "maxscore", 
        "value": "1.0000000"
    }
},
{
    "pk": 3381, 
    "model": "quiz.questionprops", 
    "fields": {
        "question": 1881, 
        "name": "maxscore", 
        "value": "1.0000000"
    }
},
{
    "pk": 3382, 
    "model": "quiz.questionprops", 
    "fields": {
        "question": 1882, 
        "name": "maxscore", 
        "value": "1.0000000"
    }
},
{
    "pk": 3383, 
    "model": "quiz.questionprops", 
    "fields": {
        "question": 1883, 
        "name": "maxscore", 
        "value": "1.0000000"
    }
},
{
    "pk": 3384, 
    "model": "quiz.questionprops", 
    "fields": {
        "question": 1884, 
        "name": "maxscore", 
        "value": "1.0000000"
    }
},
{
    "pk": 531, 
    "model": "quiz.responseprops", 
    "fields": {
        "response": 4054, 
        "value": "Correct! Well done. By 2005, the MMR for Ethiopia was 673 per 100,000 live births \u2014 well below the average of 900 per 100,000 live births for Africa as a whole, but still one of the highest in the world. In 2008, the global average MMR was 400 maternal deaths per 100,000 live births.", 
        "name": "feedback"
    }
},
{
    "pk": 532, 
    "model": "quiz.responseprops", 
    "fields": {
        "response": 4055, 
        "value": "Correct! The total number of pregnant women in this catchment area is calculated as 4% of the 10,000 population. To calculate 4% of 10,000, you multiply 10,000 by 4 and divide the result by 100. Therefore, this community is expected to have 400 pregnant women in one year, who are eligible for antenatal care, delivery and postnatal care.", 
        "name": "feedback"
    }
},
{
    "pk": 533, 
    "model": "quiz.responseprops", 
    "fields": {
        "response": 4055, 
        "value": "0", 
        "name": "tolerance"
    }
},
{
    "pk": 534, 
    "model": "quiz.responseprops", 
    "fields": {
        "response": 4056, 
        "value": "Half credit for being close. The total number of pregnant women in this catchment area is calculated as 4% of the 10,000 population. To calculate 4% of 10,000, you multiply 10,000 by 4 and divide the result by 100. Therefore, this community is expected to have 400 pregnant women in one year, who are eligible for antenatal care, delivery and postnatal care.", 
        "name": "feedback"
    }
},
{
    "pk": 535, 
    "model": "quiz.responseprops", 
    "fields": {
        "response": 4056, 
        "value": "100", 
        "name": "tolerance"
    }
},
{
    "pk": 536, 
    "model": "quiz.responseprops", 
    "fields": {
        "response": 4057, 
        "value": "Correct! You calculate the ANC coverage rate as the total number of pregnant women attended at least once during their pregnancy by the Health Extension Practitioners for reasons relating to the pregnancy, divided by the total number of expected pregnancies in the same year. The result is expressed as a percentage by multiplying by 100. Only 37.5% of the pregnant women in this catchment area received one antenatal visit. These Health Extension Practitioners need to improve the antenatal care coverage rate in their kebele!", 
        "name": "feedback"
    }
},
{
    "pk": 537, 
    "model": "quiz.responseprops", 
    "fields": {
        "response": 4057, 
        "value": "0", 
        "name": "tolerance"
    }
},
{
    "pk": 538, 
    "model": "quiz.responseprops", 
    "fields": {
        "response": 4058, 
        "value": "Half credit for being close. You calculate the ANC coverage rate as the total number of pregnant women attended at least once during their pregnancy by the Health Extension Practitioners for reasons relating to the pregnancy, divided by the total number of expected pregnancies in the same year. The result is expressed as a percentage by multiplying by 100. Only 37.5% of the pregnant women in this catchment area received one antenatal visit. These Health Extension Practitioners need to improve the antenatal care coverage rate in their kebele!", 
        "name": "feedback"
    }
},
{
    "pk": 539, 
    "model": "quiz.responseprops", 
    "fields": {
        "response": 4058, 
        "value": "5", 
        "name": "tolerance"
    }
},
{
    "pk": 540, 
    "model": "quiz.responseprops", 
    "fields": {
        "response": 4059, 
        "value": "Correct! This community is expected to have 320 pregnant women in one year (4% of 8000), who are eligible for antenatal care, delivery and postnatal care. Then calculate the number of antenatal visits the Health Extension Practitioners would make in one year if they achieved the focused antenatal care coverage rate of 4 visits for every pregnant woman. 320 x 4", 
        "name": "feedback"
    }
},
{
    "pk": 541, 
    "model": "quiz.responseprops", 
    "fields": {
        "response": 4059, 
        "value": "0", 
        "name": "tolerance"
    }
},
{
    "pk": 542, 
    "model": "quiz.responseprops", 
    "fields": {
        "response": 4061, 
        "value": "Half credit for being close. This community is expected to have 320 pregnant women in one year (4% of 8000), who are eligible for antenatal care, delivery and postnatal care. Then calculate the number of antenatal visits the Health Extension Practitioners would make in one year if they achieved the focused antenatal care coverage rate of 4 visits for every pregnant woman. 320 x 4 is a total of 1,280 antenatal visits.", 
        "name": "feedback"
    }
},
{
    "pk": 543, 
    "model": "quiz.responseprops", 
    "fields": {
        "response": 4061, 
        "value": "200", 
        "name": "tolerance"
    }
},
{
    "pk": 544, 
    "model": "quiz.responseprops", 
    "fields": {
        "response": 4064, 
        "value": "Correct!", 
        "name": "feedback"
    }
},
{
    "pk": 545, 
    "model": "quiz.responseprops", 
    "fields": {
        "response": 4066, 
        "value": "It is false. Infection in the uterus can get into the pelvic cavity by passing outwards through the fallopian tubes, which are open at the ends. Infection in the uterus can pass down the vagina, and usually appears as a bad-smelling discharge from the vaginal opening in the vulva.", 
        "name": "feedback"
    }
},
{
    "pk": 546, 
    "model": "quiz.responseprops", 
    "fields": {
        "response": 4067, 
        "value": "Correct! It is false. Infection in the uterus can get into the pelvic cavity by passing outwards through the fallopian tubes, which are open at the ends. Infection in the uterus can pass down the vagina, and usually appears as a bad-smelling discharge from the vaginal opening in the vulva.", 
        "name": "feedback"
    }
},
{
    "pk": 547, 
    "model": "quiz.responseprops", 
    "fields": {
        "response": 4068, 
        "value": "Correct! It is true. The perineum is a muscular area between the vaginal opening and the anus.", 
        "name": "feedback"
    }
},
{
    "pk": 548, 
    "model": "quiz.responseprops", 
    "fields": {
        "response": 4069, 
        "value": "It is true. The perineum is a muscular area between the vaginal opening and the anus.", 
        "name": "feedback"
    }
},
{
    "pk": 549, 
    "model": "quiz.responseprops", 
    "fields": {
        "response": 4070, 
        "value": "Correct! It is true. The maturation of an ovum is controlled by the female reproductive hormones.", 
        "name": "feedback"
    }
},
{
    "pk": 550, 
    "model": "quiz.responseprops", 
    "fields": {
        "response": 4071, 
        "value": "It is true. The maturation of an ovum is controlled by the female reproductive hormones.", 
        "name": "feedback"
    }
},
{
    "pk": 551, 
    "model": "quiz.responseprops", 
    "fields": {
        "response": 4072, 
        "value": "Correct! It is true. Glands in the cervix produce secretions which lubricate the vagina.", 
        "name": "feedback"
    }
},
{
    "pk": 552, 
    "model": "quiz.responseprops", 
    "fields": {
        "response": 4073, 
        "value": "It is true. Glands in the cervix produce secretions which lubricate the vagina.", 
        "name": "feedback"
    }
},
{
    "pk": 553, 
    "model": "quiz.responseprops", 
    "fields": {
        "response": 4074, 
        "value": "It is false. The fundus is the name for the domed top of the uterus. The narrow neck at the bottom of the uterus is called the cervix.", 
        "name": "feedback"
    }
},
{
    "pk": 554, 
    "model": "quiz.responseprops", 
    "fields": {
        "response": 4075, 
        "value": "Correct! It is false. The fundus is the name for the domed top of the uterus. The narrow neck at the bottom of the uterus is called the cervix.", 
        "name": "feedback"
    }
},
{
    "pk": 555, 
    "model": "quiz.responseprops", 
    "fields": {
        "response": 4076, 
        "value": "It is false. The energy for moving the sperm\u2019s tail comes from the mitochondria in the structure between the head and the tail.", 
        "name": "feedback"
    }
},
{
    "pk": 556, 
    "model": "quiz.responseprops", 
    "fields": {
        "response": 4077, 
        "value": "Correct! It is false. The energy for moving the sperm\u2019s tail comes from the mitochondria in the structure between the head and the tail.", 
        "name": "feedback"
    }
},
{
    "pk": 557, 
    "model": "quiz.responseprops", 
    "fields": {
        "response": 4078, 
        "value": "Correct! It is true. Contractions in the muscular walls of the uterus and fallopian tubes assist sperm to move rapidly towards the ovum.", 
        "name": "feedback"
    }
},
{
    "pk": 558, 
    "model": "quiz.responseprops", 
    "fields": {
        "response": 4079, 
        "value": "It is true. Contractions in the muscular walls of the uterus and fallopian tubes assist sperm to move rapidly towards the ovum.", 
        "name": "feedback"
    }
},
{
    "pk": 559, 
    "model": "quiz.responseprops", 
    "fields": {
        "response": 4080, 
        "value": "Correct! It is true. Implantation occurs when the blastocyst burrows into the endometrium and successfully establishes the early placenta.", 
        "name": "feedback"
    }
},
{
    "pk": 560, 
    "model": "quiz.responseprops", 
    "fields": {
        "response": 4081, 
        "value": "It is true. Implantation occurs when the blastocyst burrows into the endometrium and successfully establishes the early placenta.", 
        "name": "feedback"
    }
},
{
    "pk": 561, 
    "model": "quiz.responseprops", 
    "fields": {
        "response": 4082, 
        "value": "Correct! It is true. The female bony pelvis is broader and flatter than the male pelvis.", 
        "name": "feedback"
    }
},
{
    "pk": 562, 
    "model": "quiz.responseprops", 
    "fields": {
        "response": 4083, 
        "value": "It is true. The female bony pelvis is broader and flatter than the male pelvis.", 
        "name": "feedback"
    }
},
{
    "pk": 563, 
    "model": "quiz.responseprops", 
    "fields": {
        "response": 4084, 
        "value": "It is false. The pelvic inlet is wider (not narrower) than the pelvic outlet.", 
        "name": "feedback"
    }
},
{
    "pk": 564, 
    "model": "quiz.responseprops", 
    "fields": {
        "response": 4085, 
        "value": "Correct! It is false. The pelvic inlet is wider (not narrower) than the pelvic outlet.", 
        "name": "feedback"
    }
},
{
    "pk": 565, 
    "model": "quiz.responseprops", 
    "fields": {
        "response": 4086, 
        "value": "It is false. The iliac crest is the protuberance at the front of each hip bone; it is not important in measuring the progress of the fetus down the birth canal.", 
        "name": "feedback"
    }
},
{
    "pk": 566, 
    "model": "quiz.responseprops", 
    "fields": {
        "response": 4087, 
        "value": "Correct! It is false. The iliac crest is the protuberance at the front of each hip bone; it is not important in measuring the progress of the fetus down the birth canal.", 
        "name": "feedback"
    }
},
{
    "pk": 567, 
    "model": "quiz.responseprops", 
    "fields": {
        "response": 4088, 
        "value": "It is false. Lying flat after a meal is not recommended in pregnancy and it does not help digestion. The contents of the pregnant woman\u2019s stomach will be pushed upwards into her oesophagus in her chest if she is lying down, and the acids that digest her food can cause a burning sensation known as \u2018heartburn\u2019.", 
        "name": "feedback"
    }
},
{
    "pk": 568, 
    "model": "quiz.responseprops", 
    "fields": {
        "response": 4089, 
        "value": "Correct! It is false. Lying flat after a meal is not recommended in pregnancy and it does not help digestion. The contents of the pregnant woman\u2019s stomach will be pushed upwards into her oesophagus in her chest if she is lying down, and the acids that digest her food can cause a burning sensation known as \u2018heartburn\u2019.", 
        "name": "feedback"
    }
},
{
    "pk": 569, 
    "model": "quiz.responseprops", 
    "fields": {
        "response": 4090, 
        "value": "Correct! It is true. Frequent urination in late pregnancy is normal because the uterus pushes down on the bladder and it can hold less urine.", 
        "name": "feedback"
    }
},
{
    "pk": 570, 
    "model": "quiz.responseprops", 
    "fields": {
        "response": 4091, 
        "value": "It is true. Frequent urination in late pregnancy is normal because the uterus pushes down on the bladder and it can hold less urine.", 
        "name": "feedback"
    }
},
{
    "pk": 571, 
    "model": "quiz.responseprops", 
    "fields": {
        "response": 4092, 
        "value": "Correct! It is true. Heart rate, stroke volume and cardiac output all increase during pregnancy, because the woman\u2019s larger body, uterus and the fetus all need a larger blood flow to provide them with nutrients and oxygen.", 
        "name": "feedback"
    }
},
{
    "pk": 572, 
    "model": "quiz.responseprops", 
    "fields": {
        "response": 4093, 
        "value": "It is true. Heart rate, stroke volume and cardiac output all increase during pregnancy, because the woman\u2019s larger body, uterus and the fetus all need a larger blood flow to provide them with nutrients and oxygen.", 
        "name": "feedback"
    }
},
{
    "pk": 573, 
    "model": "quiz.responseprops", 
    "fields": {
        "response": 4094, 
        "value": "It is false. Goitre is caused by iodine deficiency, and not by iron deficiency.", 
        "name": "feedback"
    }
},
{
    "pk": 574, 
    "model": "quiz.responseprops", 
    "fields": {
        "response": 4095, 
        "value": "Correct! It is false. Goitre is caused by iodine deficiency, and not by iron deficiency.", 
        "name": "feedback"
    }
},
{
    "pk": 575, 
    "model": "quiz.responseprops", 
    "fields": {
        "response": 4096, 
        "value": "Correct! It is true. Maternal diabetes often results in a big baby because the mother has too much sugar in her blood, which makes the baby fat.", 
        "name": "feedback"
    }
},
{
    "pk": 576, 
    "model": "quiz.responseprops", 
    "fields": {
        "response": 4097, 
        "value": "It is true. Maternal diabetes often results in a big baby because the mother has too much sugar in her blood, which makes the baby fat.", 
        "name": "feedback"
    }
},
{
    "pk": 577, 
    "model": "quiz.responseprops", 
    "fields": {
        "response": 4098, 
        "value": "Correct! It is true. Shortness of breath may be caused by anaemia, a heart problem, lung infection or a blood clot.", 
        "name": "feedback"
    }
},
{
    "pk": 578, 
    "model": "quiz.responseprops", 
    "fields": {
        "response": 4099, 
        "value": "It is true. Shortness of breath may be caused by anaemia, a heart problem, lung infection or a blood clot.", 
        "name": "feedback"
    }
},
{
    "pk": 579, 
    "model": "quiz.responseprops", 
    "fields": {
        "response": 4100, 
        "value": "Correct. The gestational age based on the fundal height measurement is seven months.", 
        "name": "feedback"
    }
},
{
    "pk": 580, 
    "model": "quiz.responseprops", 
    "fields": {
        "response": 4101, 
        "value": "Correct. If Abebech is really seven months pregnant, you would expect her abdomen to measure about 28 cm from her pubic bone to the top of the uterus, i.e. approximately one centimetre for each week of pregnancy dated from the LNMP. Remember the measurement may range from 26-30 cm.", 
        "name": "feedback"
    }
},
{
    "pk": 581, 
    "model": "quiz.responseprops", 
    "fields": {
        "response": 4102, 
        "value": "Try again!", 
        "name": "feedback"
    }
},
{
    "pk": 582, 
    "model": "quiz.responseprops", 
    "fields": {
        "response": 4103, 
        "value": "It is false.The gestational age based on fundal height is one month more than expected from the date of the LNMP. Therefore, the uterus is bigger than expected from the date of the LNMP.", 
        "name": "feedback"
    }
},
{
    "pk": 583, 
    "model": "quiz.responseprops", 
    "fields": {
        "response": 4104, 
        "value": "Correct! It is false. The gestational age based on fundal height is one month more than expected from the date of the LNMP. Therefore, the uterus is bigger than expected from the date of the LNMP.", 
        "name": "feedback"
    }
},
{
    "pk": 584, 
    "model": "quiz.responseprops", 
    "fields": {
        "response": 4105, 
        "value": "Correct! Listening to the fetal heart beat using a stethoscope is called auscultation.", 
        "name": "feedback"
    }
},
{
    "pk": 585, 
    "model": "quiz.responseprops", 
    "fields": {
        "response": 4106, 
        "value": "It is true. Listening to the fetal heart beat using a stethoscope is called auscultation.", 
        "name": "feedback"
    }
},
{
    "pk": 586, 
    "model": "quiz.responseprops", 
    "fields": {
        "response": 4107, 
        "value": "Correct! When the fetal head is down and the bottom of the fetus is up in the fundus, it is called a vertical lie.", 
        "name": "feedback"
    }
},
{
    "pk": 587, 
    "model": "quiz.responseprops", 
    "fields": {
        "response": 4108, 
        "value": "It is true. When the fetal head is down and the bottom of the fetus is up in the fundus, it is called a vertical lie.", 
        "name": "feedback"
    }
},
{
    "pk": 588, 
    "model": "quiz.responseprops", 
    "fields": {
        "response": 4109, 
        "value": "It is false. In a vertex presentation, the presenting part is the baby\u2019s head.", 
        "name": "feedback"
    }
},
{
    "pk": 589, 
    "model": "quiz.responseprops", 
    "fields": {
        "response": 4110, 
        "value": "Correct! It is false. In a vertex presentation, the presenting part is the baby\u2019s head.", 
        "name": "feedback"
    }
},
{
    "pk": 590, 
    "model": "quiz.responseprops", 
    "fields": {
        "response": 4111, 
        "value": "It is false. Focused antenatal care does not focus on the pregnant woman alone (this used to happen in the traditional approach). FANC includes the woman\u2019s partner and if possible the whole family in caring for her during pregnancy, watching for danger symptoms, and preparing for the birth, complication readiness and emergency planning.", 
        "name": "feedback"
    }
},
{
    "pk": 591, 
    "model": "quiz.responseprops", 
    "fields": {
        "response": 4112, 
        "value": "Correct! It is false. Focused antenatal care does not focus on the pregnant woman alone (this used to happen in the traditional approach). FANC includes the woman\u2019s partner and if possible the whole family in caring for her during pregnancy, watching for danger symptoms, and preparing for the birth, complication readiness and emergency planning.", 
        "name": "feedback"
    }
},
{
    "pk": 592, 
    "model": "quiz.responseprops", 
    "fields": {
        "response": 4113, 
        "value": "Correct! It is true. Women in the basic component receive only 4 FANC visits, unless warning signs or symptoms are detected at any stage.", 
        "name": "feedback"
    }
},
{
    "pk": 593, 
    "model": "quiz.responseprops", 
    "fields": {
        "response": 4114, 
        "value": "It is true. Women in the basic component receive only 4 FANC visits, unless warning signs or symptoms are detected at any stage.", 
        "name": "feedback"
    }
},
{
    "pk": 594, 
    "model": "quiz.responseprops", 
    "fields": {
        "response": 4115, 
        "value": "It is false. A pregnant woman should prepare for labour and delivery by assembling very clean cloths, a new razor blade, very clean new string, soap and a scrubbing brush, clean water for washing and drinking, buckets and bowls, supplies for making drinks, and a flashlight.", 
        "name": "feedback"
    }
},
{
    "pk": 595, 
    "model": "quiz.responseprops", 
    "fields": {
        "response": 4116, 
        "value": "Correct! It is false. A pregnant woman should prepare for labour and delivery by assembling very clean cloths, a new razor blade, very clean new string, soap and a scrubbing brush, clean water for washing and drinking, buckets and bowls, supplies for making drinks, and a flashlight..", 
        "name": "feedback"
    }
},
{
    "pk": 596, 
    "model": "quiz.responseprops", 
    "fields": {
        "response": 4117, 
        "value": "It is false. Breastfeeding is not 100% effective at preventing a further pregnancy; full and exclusive breastfeeding gives good protection from pregnancy but cannot be relied on as 100% effective \u2014especially not after 6 months from the birth or if menstrual periods return.", 
        "name": "feedback"
    }
},
{
    "pk": 597, 
    "model": "quiz.responseprops", 
    "fields": {
        "response": 4118, 
        "value": "Correct! It is false. Breastfeeding is not 100% effective at preventing a further pregnancy; full and exclusive breastfeeding gives good protection from pregnancy but cannot be relied on as 100% effective \u2014especially not after 6 months from the birth or if menstrual periods return.", 
        "name": "feedback"
    }
},
{
    "pk": 598, 
    "model": "quiz.responseprops", 
    "fields": {
        "response": 4119, 
        "value": "Correct! It is true. Colostrum should always be fed to the baby because it is very nutritious and gives protection against infection.", 
        "name": "feedback"
    }
},
{
    "pk": 599, 
    "model": "quiz.responseprops", 
    "fields": {
        "response": 4120, 
        "value": "It is true. Colostrum should always be fed to the baby because it is very nutritious and gives protection against infection.", 
        "name": "feedback"
    }
},
{
    "pk": 600, 
    "model": "quiz.responseprops", 
    "fields": {
        "response": 4121, 
        "value": "Correct! It is true. Early and exclusive breastfeeding means feeding only breast milk from the first hour of the baby\u2019s life until at least 6 months of age.", 
        "name": "feedback"
    }
},
{
    "pk": 601, 
    "model": "quiz.responseprops", 
    "fields": {
        "response": 4122, 
        "value": "It is true. Early and exclusive breastfeeding means feeding only breast milk from the first hour of the baby\u2019s life until at least 6 months of age.", 
        "name": "feedback"
    }
},
{
    "pk": 602, 
    "model": "quiz.responseprops", 
    "fields": {
        "response": 4123, 
        "value": "Correct! It is true. Welcoming the mother, smiling and letting her express her concerns and doubts, helps her to feel comfortable and develops confidence in you.", 
        "name": "feedback"
    }
},
{
    "pk": 603, 
    "model": "quiz.responseprops", 
    "fields": {
        "response": 4124, 
        "value": "It is true. Welcoming the mother, smiling and letting her express her concerns and doubts, helps her to feel comfortable and develops confidence in you.", 
        "name": "feedback"
    }
},
{
    "pk": 604, 
    "model": "quiz.responseprops", 
    "fields": {
        "response": 4125, 
        "value": "It is false. It is not an easy task always to come on the day of appointment for the majority of rural Ethiopian pregnant women, who typically have many personal and social responsibilities at home. It is their right to come earlier or later than the appointed date, or even not to come at all. It is the duty and responsibility of any health professional to say welcome with open hands at whatever time and date women come for their antenatal check-up.", 
        "name": "feedback"
    }
},
{
    "pk": 605, 
    "model": "quiz.responseprops", 
    "fields": {
        "response": 4126, 
        "value": "Correct! It is false. It is not an easy task always to come on the day of appointment for the majority of rural Ethiopian pregnant women, who typically have many personal and social responsibilities at home. It is their right to come earlier or later than the appointed date, or even not to come at all. It is the duty and responsibility of any health professional to say welcome with open hands at whatever time and date women come for their antenatal check-up.", 
        "name": "feedback"
    }
},
{
    "pk": 606, 
    "model": "quiz.responseprops", 
    "fields": {
        "response": 4127, 
        "value": "It is false.The health service is primarily the client\u2019s/patient\u2019s business. The duty of the health professionals is to deliver a service which makes the client comfortable and satisfied. With that understanding, you have to be prepared to receive questions and do the best to encourage women to raise any questions which are not clear for them.", 
        "name": "feedback"
    }
},
{
    "pk": 607, 
    "model": "quiz.responseprops", 
    "fields": {
        "response": 4128, 
        "value": "Correct! It is false. The health service is primarily the client\u2019s/patient\u2019s business. The duty of the health professionals is to deliver a service which makes the client comfortable and satisfied. With that understanding, you have to be prepared to receive questions and do the best to encourage women to raise any questions which are not clear for them.", 
        "name": "feedback"
    }
},
{
    "pk": 608, 
    "model": "quiz.responseprops", 
    "fields": {
        "response": 4129, 
        "value": "No, you should not trust the result. The woman could be in the window period of HIV infection, so the HIV test may give a negative result even if she was infected with HIV from this sexual intercourse.", 
        "name": "feedback"
    }
},
{
    "pk": 609, 
    "model": "quiz.responseprops", 
    "fields": {
        "response": 4130, 
        "value": "Correct! No, you should not trust the result. The woman could be in the window period of HIV infection, so the HIV test may give a negative result even if she was infected with HIV from this sexual intercourse.", 
        "name": "feedback"
    }
},
{
    "pk": 610, 
    "model": "quiz.responseprops", 
    "fields": {
        "response": 4131, 
        "value": "Correct! It is true. Infection in the uterus may cause PROM and may also be a complication following PROM.", 
        "name": "feedback"
    }
},
{
    "pk": 611, 
    "model": "quiz.responseprops", 
    "fields": {
        "response": 4132, 
        "value": "It is true. Infection in the uterus may cause PROM and may also be a complication following PROM.", 
        "name": "feedback"
    }
},
{
    "pk": 612, 
    "model": "quiz.responseprops", 
    "fields": {
        "response": 4133, 
        "value": "Correct! It is true. Prom may occur if the uterus is over-stretched by malpresentation of the fetus, multiple pregnancy or excess amniotic fluid.", 
        "name": "feedback"
    }
},
{
    "pk": 613, 
    "model": "quiz.responseprops", 
    "fields": {
        "response": 4134, 
        "value": "It is true. Prom may occur if the uterus is over-stretched by malpresentation of the fetus, multiple pregnancy or excess amniotic fluid.", 
        "name": "feedback"
    }
},
{
    "pk": 614, 
    "model": "quiz.responseprops", 
    "fields": {
        "response": 4135, 
        "value": "Correct! It is true. Cervical incompetence in combination with PROM can be a cause of umbilical cord prolapse.", 
        "name": "feedback"
    }
},
{
    "pk": 615, 
    "model": "quiz.responseprops", 
    "fields": {
        "response": 4136, 
        "value": "It is true. Cervical incompetence in combination with PROM can be a cause of umbilical cord prolapse.", 
        "name": "feedback"
    }
},
{
    "pk": 616, 
    "model": "quiz.responseprops", 
    "fields": {
        "response": 4137, 
        "value": "Correct! It is true. The risk of urinary tract infection (UTI) can be reduced by washing hands and genitals properly.", 
        "name": "feedback"
    }
},
{
    "pk": 617, 
    "model": "quiz.responseprops", 
    "fields": {
        "response": 4138, 
        "value": "It is true. The risk of urinary tract infection (UTI) can be reduced by washing hands and genitals properly.", 
        "name": "feedback"
    }
},
{
    "pk": 618, 
    "model": "quiz.responseprops", 
    "fields": {
        "response": 4139, 
        "value": "Correct! It is true. A pregnant woman is more likely to get a UTI than when she is not pregnant.", 
        "name": "feedback"
    }
},
{
    "pk": 619, 
    "model": "quiz.responseprops", 
    "fields": {
        "response": 4140, 
        "value": "It is true. A pregnant woman is more likely to get a UTI than when she is not pregnant.", 
        "name": "feedback"
    }
},
{
    "pk": 620, 
    "model": "quiz.responseprops", 
    "fields": {
        "response": 4141, 
        "value": "It is false. Encouraging a woman with a UTI to drink fluids every hour while she is awake will help to reduce her bladder infection.", 
        "name": "feedback"
    }
},
{
    "pk": 621, 
    "model": "quiz.responseprops", 
    "fields": {
        "response": 4142, 
        "value": "Correct! It is false. Encouraging a woman with a UTI to drink fluids every hour while she is awake will help to reduce her bladder infection.", 
        "name": "feedback"
    }
},
{
    "pk": 622, 
    "model": "quiz.responseprops", 
    "fields": {
        "response": 4143, 
        "value": "It is false. When the muscular walls of the blood vessels all over a woman\u2019s body contract, the space inside the vessels becomes smaller so her blood pressure rises.", 
        "name": "feedback"
    }
},
{
    "pk": 623, 
    "model": "quiz.responseprops", 
    "fields": {
        "response": 4144, 
        "value": "Correct! It is false. When the muscular walls of the blood vessels all over a woman\u2019s body contract, the space inside the vessels becomes smaller so her blood pressure rises.", 
        "name": "feedback"
    }
},
{
    "pk": 624, 
    "model": "quiz.responseprops", 
    "fields": {
        "response": 4145, 
        "value": "Correct! It is true. Hypertension during pregnancy reduces the blood supply from the endometrial arteries in the mother\u2019s uterus to the fetus via the placenta.", 
        "name": "feedback"
    }
},
{
    "pk": 625, 
    "model": "quiz.responseprops", 
    "fields": {
        "response": 4146, 
        "value": "It is true. Hypertension during pregnancy reduces the blood supply from the endometrial arteries in the mother\u2019s uterus to the fetus via the placenta.", 
        "name": "feedback"
    }
},
{
    "pk": 626, 
    "model": "quiz.responseprops", 
    "fields": {
        "response": 4147, 
        "value": "Correct! It is true. Hypertension reduces the amount of amniotic fluid surrounding the fetus, because the blood flow to the baby\u2019s kidneys is reduce so it makes less urine. In late pregnancy, most of the amniotic fluid comes from the baby\u2019s urine.", 
        "name": "feedback"
    }
},
{
    "pk": 627, 
    "model": "quiz.responseprops", 
    "fields": {
        "response": 4148, 
        "value": "It is true. Hypertension reduces the amount of amniotic fluid surrounding the fetus, because the blood flow to the baby\u2019s kidneys is reduce so it makes less urine. In late pregnancy, most of the amniotic fluid comes from the baby\u2019s urine.", 
        "name": "feedback"
    }
},
{
    "pk": 628, 
    "model": "quiz.responseprops", 
    "fields": {
        "response": 4149, 
        "value": "It is false. All women with an incomplete abortion should be referred to the next higher health facility. If you leave an incomplete abortion without treatment for some time there is an increased risk that it will be complicated with infection and this could be life-threatening for the woman.", 
        "name": "feedback"
    }
},
{
    "pk": 629, 
    "model": "quiz.responseprops", 
    "fields": {
        "response": 4150, 
        "value": "Correct! It is false. All women with an incomplete abortion should be referred to the next higher health facility. If you leave an incomplete abortion without treatment for some time there is an increased risk that it will be complicated with infection and this could be life-threatening for the woman.", 
        "name": "feedback"
    }
},
{
    "pk": 630, 
    "model": "quiz.responseprops", 
    "fields": {
        "response": 4151, 
        "value": "Correct! It is true. In a complete abortion the tissue inside the uterus has been entirely expelled and the cervix has closed.", 
        "name": "feedback"
    }
},
{
    "pk": 631, 
    "model": "quiz.responseprops", 
    "fields": {
        "response": 4152, 
        "value": "It is true. In a complete abortion the tissue inside the uterus has been entirely expelled and the cervix has closed.", 
        "name": "feedback"
    }
},
{
    "pk": 632, 
    "model": "quiz.responseprops", 
    "fields": {
        "response": 4153, 
        "value": "It is false. Women whose abortion is complete can get pregnant again quickly, because fertility returns within two to four weeks.", 
        "name": "feedback"
    }
},
{
    "pk": 633, 
    "model": "quiz.responseprops", 
    "fields": {
        "response": 4154, 
        "value": "Correct! It is false. Women whose abortion is complete can get pregnant again quickly, because fertility returns within two to four weeks.", 
        "name": "feedback"
    }
},
{
    "pk": 634, 
    "model": "quiz.responseprops", 
    "fields": {
        "response": 4155, 
        "value": "It is false. You should never do a vaginal examination on a woman with late pregnancy bleeding (i.e. after 28 weeks of gestation).", 
        "name": "feedback"
    }
},
{
    "pk": 635, 
    "model": "quiz.responseprops", 
    "fields": {
        "response": 4156, 
        "value": "Correct! It is false. You should never do a vaginal examination on a woman with late pregnancy bleeding (i.e. after 28 weeks of gestation).", 
        "name": "feedback"
    }
},
{
    "pk": 636, 
    "model": "quiz.responseprops", 
    "fields": {
        "response": 4157, 
        "value": "It is false. Premature separation of a normally implanted placenta may result in external bleeding, but it may also cause internal bleeding.", 
        "name": "feedback"
    }
},
{
    "pk": 637, 
    "model": "quiz.responseprops", 
    "fields": {
        "response": 4158, 
        "value": "Correct! It is false. Premature separation of a normally implanted placenta may result in external bleeding, but it may also cause internal bleeding.", 
        "name": "feedback"
    }
},
{
    "pk": 638, 
    "model": "quiz.responseprops", 
    "fields": {
        "response": 4159, 
        "value": "Correct! It is true. Placenta previa is when the placenta is attached close to or covering the cervix.", 
        "name": "feedback"
    }
},
{
    "pk": 639, 
    "model": "quiz.responseprops", 
    "fields": {
        "response": 4160, 
        "value": "It is true. Placenta previa is when the placenta is attached close to or covering the cervix.", 
        "name": "feedback"
    }
},
{
    "pk": 640, 
    "model": "quiz.responseprops", 
    "fields": {
        "response": 4161, 
        "value": "It is false. A woman who is in shock (low blood pressure and rapid pulse) due to blood loss needs IV fluid therapy to be started before referral.", 
        "name": "feedback"
    }
},
{
    "pk": 641, 
    "model": "quiz.responseprops", 
    "fields": {
        "response": 4162, 
        "value": "Correct! It is false. A woman who is in shock (low blood pressure and rapid pulse) due to blood loss needs IV fluid therapy to be started before referral.", 
        "name": "feedback"
    }
},
{
    "pk": 642, 
    "model": "quiz.responseprops", 
    "fields": {
        "response": 4163, 
        "value": "Correct! It is true. You should remove and reposition the IV cannula if the venipuncture site swells and is painful. This indicates that the fluid is going into the tissues instead of into the vein.", 
        "name": "feedback"
    }
},
{
    "pk": 643, 
    "model": "quiz.responseprops", 
    "fields": {
        "response": 4164, 
        "value": "It is true. You should remove and reposition the IV cannula if the venipuncture site swells and is painful. This indicates that the fluid is going into the tissues instead of into the vein.", 
        "name": "feedback"
    }
},
{
    "pk": 644, 
    "model": "quiz.responseprops", 
    "fields": {
        "response": 4165, 
        "value": "It is false. If you don\u2019t have a plaster to put over the venipuncture site, you should stabilise the IV cannula by tying very clean cloth around it. If the cannula is not stabilised it can pull out of the vein.", 
        "name": "feedback"
    }
},
{
    "pk": 645, 
    "model": "quiz.responseprops", 
    "fields": {
        "response": 4166, 
        "value": "Correct! It is false. If you don\u2019t have a plaster to put over the venipuncture site, you should stabilise the IV cannula by tying very clean cloth around it. If the cannula is not stabilised it can pull out of the vein.", 
        "name": "feedback"
    }
},
{
    "pk": 1192, 
    "model": "quiz.quizattempt", 
    "fields": {
        "submitted_date": "2013-07-03T16:41:18", 
        "ip": "127.0.0.1", 
        "attempt_date": "2012-12-18T15:35:12", 
        "quiz": 354, 
        "instance_id": null, 
        "score": "10.00", 
        "user": 319, 
        "agent": "curl/7.22.0 (x86_64-pc-linux-gnu) libcurl/7.22.0 OpenSSL/1.0.1 zlib/1.2.3.4 libidn/1.23 librtmp/2.3", 
        "maxscore": "30.00"
    }
},
{
    "pk": 2632, 
    "model": "quiz.quizattemptresponse", 
    "fields": {
        "text": "true", 
        "score": "0.00", 
        "question": 1839, 
        "quizattempt": 1192
    }
},
{
    "pk": 2633, 
    "model": "quiz.quizattemptresponse", 
    "fields": {
        "text": "true", 
        "score": "10.00", 
        "question": 1840, 
        "quizattempt": 1192
    }
},
{
    "pk": 2634, 
    "model": "quiz.quizattemptresponse", 
    "fields": {
        "text": "false", 
        "score": "0.00", 
        "question": 1841, 
        "quizattempt": 1192
    }
}
]
