<?xml version="1.0" encoding="UTF-8"?>
<module>
  <meta>
    <versionid>20220318131625</versionid>
    <priority>0</priority>
    <server>https://staging.oppia-mobile.org/</server>
    <sequencing>none</sequencing>
    <tags>test</tags>
    <exportversion>2022030900</exportversion>
    <title lang="en"><![CDATA[Course for Jira issue 800 - version 3]]></title>
    <shortname>oppia800course</shortname>
    <description lang="en"><![CDATA[]]></description>
    <langs>
      <lang>en</lang>
    </langs>
  </meta>
  <structure>
    <section order="1">
      <title lang="en"><![CDATA[Topic 1]]></title>
      <activities>
        <activity type="page" order="1" digest="6881563663d1570b361c317fce85b4cd">
          <title lang="en"><![CDATA[Page 1 version 2]]></title>
          <location lang="en">01_43_en.html</location>
        </activity>
        <activity type="page" order="2" digest="41e2a1c882792a5c90d99f33cd420ba3">
          <title lang="en"><![CDATA[Page 2 version 1]]></title>
          <location lang="en">01_44_en.html</location>
        </activity>
        <activity type="page" order="3" digest="760e1b02c6087e7c787e5260935cdc03">
          <title lang="en"><![CDATA[Page 3 version 1]]></title>
          <location lang="en">01_45_en.html</location>
        </activity>
        <activity type="quiz" order="4" digest="bbb006b6c9815f54f87eec474d2dbc84">
          <title lang="en"><![CDATA[Quiz 1 version 3]]></title>
          <content lang="en"><![CDATA[{"id":197,"title":{"en":"Quiz 1 version 3"},"description":{"en":""},"props":{"courseversion":"20220318131625","showfeedback":"2","passthreshold":"80","maxattempts":"unlimited","maxscore":3,"digest":"bbb006b6c9815f54f87eec474d2dbc84","moodle_quiz_id":"46"},"questions":[{"order":1,"id":533,"question":{"id":97,"type":"multichoice","title":{"en":"The sky is blue"},"props":{"moodle_question_id":"20","maxscore":1},"responses":[{"order":1,"id":464,"props":{"id":450},"title":{"en":"True"},"score":"1.0000"},{"order":2,"id":262,"props":{"id":911},"title":{"en":"False"},"score":"0.0000"}]}},{"order":2,"id":391,"question":{"id":449,"type":"multichoice","title":{"en":"Kyiv is capital of Ukraine"},"props":{"moodle_question_id":"21","maxscore":1},"responses":[{"order":1,"id":271,"props":{"id":922},"title":{"en":"True"},"score":"1.0000"},{"order":2,"id":698,"props":{"id":300},"title":{"en":"False"},"score":"0.0000"}]}},{"order":3,"id":725,"question":{"id":581,"type":"numerical","title":{"en":"How tall is Everest in metres?"},"props":{"moodle_question_id":"22","maxscore":1},"responses":[{"order":1,"id":179,"props":{"id":482,"tolerance":"0"},"title":{"en":"8848"},"score":"1.0000"}]}}]}]]></content>
        </activity>
        <activity type="feedback" order="5" digest="32bdd0fe65d902dbc39c4dd67252ff77">
          <title lang="en"><![CDATA[Feedback 1 version 2]]></title>
          <content lang="en">{"id":289,"title":{"en":"Feedback 1 version 2"},"description":{"en":"Pre-test"},"props":{"courseversion":"20220318131625","showfeedback":false,"passthreshold":0,"maxattempts":"unlimited","maxscore":0,"digest":"32bdd0fe65d902dbc39c4dd67252ff77"},"questions":[{"order":1,"id":316,"question":{"id":810,"type":"multichoice","title":{"en":"How do you rate this course?"},"props":{"maxscore":0,"required":true,"label":""},"responses":[{"order":1,"id":10,"props":{},"title":{"en":"good"},"score":"0"},{"order":2,"id":271,"props":{},"title":{"en":"ok"},"score":"0"},{"order":3,"id":195,"props":{},"title":{"en":"bad"},"score":"0"}]}},{"order":2,"id":300,"question":{"id":477,"type":"multichoice","title":{"en":"How likely are you to recommend this course to others?"},"props":{"maxscore":0,"required":false,"label":""},"responses":[{"order":1,"id":946,"props":{},"title":{"en":"very likely"},"score":"0"},{"order":2,"id":638,"props":{},"title":{"en":"maybe"},"score":"0"},{"order":3,"id":127,"props":{},"title":{"en":"definitely not"},"score":"0"}]}}]}</content>
        </activity>
      </activities>
    </section>
  </structure>
</module>
