<?xml version="1.0" encoding="UTF-8"?>
<module>
  <meta>
    <versionid>20091104153356</versionid>
    <priority>0</priority>
    <server>https://demo.oppia-mobile.org/</server>
    <sequencing>none</sequencing>
    <tags>Ethiopian-National-Health-Extension-Worker-Training-Materials,Healthcare,Non-Communicable-Diseases,Emergency-Care,Mental-Health</tags>
    <exportversion>2019103100</exportversion>
    <title lang="en"><![CDATA[Non-Communicable Diseases, Emergency Care and Mental Health Part 1 - Ethiopia (Full)]]></title>
    <shortname>ncd1-et</shortname>
    <description lang="en"><![CDATA[NCD HEAT Module Part 1, full content, designed for use in Ethiopia]]></description>
    <page id="16199">
      <title lang="en"><![CDATA[About/License]]></title>
      <image filename="/images/16199.png"/>
      <location lang="en">00_16199_en.html</location>
    </page>
    <activity type="quiz" order="2" digest="1dfab334bb6c986cfd517874a276f9f116200cr10s2a0p80a0m0">
      <title lang="en"><![CDATA[Pre-test]]></title>
      <content lang="en"><![CDATA[{"id":865,"title":{"en":"Pre-test"},"description":{"en":"Pre-test"},"props":{"digest":"1dfab334bb6c986cfd517874a276f9f116200cr10s2a0p80a0m0","courseversion":"20191104153356","randomselect":10,"showfeedback":2,"allowtryagain":0,"passthreshold":80,"availability":0,"maxattempts":0,"maxscore":39},"questions":[{"order":1,"id":89,"question":{"id":111,"type":"multichoice","title":{"en":"In an adult human, blood accounts for approximately 7\u20139% of total body weight."},"props":{"maxscore":1},"responses":[{"order":1,"id":983,"props":{"id":504,"feedback":{"en":"Correct! It is true. Blood accounts for approximately 7\u20139% of total body weight in an adult human."}},"title":{"en":"True"},"score":"1.0000"},{"order":2,"id":325,"props":{"id":655},"title":{"en":"False"},"score":"0.0000"}]}},{"order":2,"id":524,"question":{"id":677,"type":"multichoice","title":{"en":"A person weighing 70 kg has got 10\u201315 litres of blood circulating around the body."},"props":{"maxscore":1},"responses":[{"order":1,"id":909,"props":{"id":803},"title":{"en":"True"},"score":"0.0000"},{"order":2,"id":900,"props":{"id":666,"feedback":{"en":"Correct! It is false. An adult has 5\u20136 litres of blood circulating around the body (not 10\u201315 litres)."}},"title":{"en":"False"},"score":"1.0000"}]}},{"order":3,"id":663,"question":{"id":499,"type":"multichoice","title":{"en":"The primary function of the blood is to transport oxygen nutrients, and as a means to remove waste products from the tissues."},"props":{"maxscore":1},"responses":[{"order":1,"id":434,"props":{"id":490,"feedback":{"en":"Correct! It is true. The primary function of the blood is to transport oxygen nutrients, and as a means to remove waste products from the tissues."}},"title":{"en":"True"},"score":"1.0000"},{"order":2,"id":173,"props":{"id":751},"title":{"en":"False"},"score":"0.0000"}]}},{"order":4,"id":272,"question":{"id":822,"type":"multichoice","title":{"en":"Red blood cells contain a protein called haemoglobin, which is red in colour and contains a lot of iron."},"props":{"maxscore":1},"responses":[{"order":1,"id":703,"props":{"id":6,"feedback":{"en":"Correct! It is true. Red blood cells contain a protein called haemoglobin, which is red in colour and contains a lot of iron."}},"title":{"en":"True"},"score":"1.0000"},{"order":2,"id":397,"props":{"id":329},"title":{"en":"False"},"score":"0.0000"}]}},{"order":5,"id":445,"question":{"id":139,"type":"multichoice","title":{"en":"Haemoglobin picks up oxygen as it passes through the heart and distributes it around the body in the blood."},"props":{"maxscore":1},"responses":[{"order":1,"id":830,"props":{"id":466},"title":{"en":"True"},"score":"0.0000"},{"order":2,"id":316,"props":{"id":3,"feedback":{"en":"Correct! It is false. Haemoglobin picks up oxygen as it passes through the lungs (not the heart)."}},"title":{"en":"False"},"score":"1.0000"}]}},{"order":6,"id":906,"question":{"id":882,"type":"multichoice","title":{"en":"Diabetes is a condition in which the blood glucose level is always too high."},"props":{"maxscore":1},"responses":[{"order":1,"id":185,"props":{"id":722},"title":{"en":"True"},"score":"0.0000"},{"order":2,"id":397,"props":{"id":625,"feedback":{"en":"Correct! It is false. Blood glucose can also fall too low in a person with diabetes; the condition is characterised by lack of regulation of blood glucose."}},"title":{"en":"False"},"score":"1.0000"}]}},{"order":7,"id":92,"question":{"id":807,"type":"multichoice","title":{"en":"Diabetes is becoming more common in developing countries."},"props":{"maxscore":1},"responses":[{"order":1,"id":582,"props":{"id":792,"feedback":{"en":"Correct! It is true. Diabetes is becoming more common in developing countries."}},"title":{"en":"True"},"score":"1.0000"},{"order":2,"id":205,"props":{"id":827},"title":{"en":"False"},"score":"0.0000"}]}},{"order":8,"id":15,"question":{"id":2,"type":"multichoice","title":{"en":"Excess glucose is stored in the liver until it is needed."},"props":{"maxscore":1},"responses":[{"order":1,"id":153,"props":{"id":240,"feedback":{"en":"Correct! It is true. Excess glucose is stored in the liver until it is needed."}},"title":{"en":"True"},"score":"1.0000"},{"order":2,"id":362,"props":{"id":626},"title":{"en":"False"},"score":"0.0000"}]}},{"order":9,"id":960,"question":{"id":716,"type":"multichoice","title":{"en":"Insulin stimulates the liver to release stored glucose when the body needs more fuel."},"props":{"maxscore":1},"responses":[{"order":1,"id":43,"props":{"id":438},"title":{"en":"True"},"score":"0.0000"},{"order":2,"id":219,"props":{"id":316,"feedback":{"en":"Correct! It is false. Glucagon (not insulin) stimulates the liver to release stored glucose when the body needs more fuel."}},"title":{"en":"False"},"score":"1.0000"}]}},{"order":10,"id":782,"question":{"id":523,"type":"multichoice","title":{"en":"Exercise is not recommended for people with diabetes because it depletes the low level of glucose in their blood."},"props":{"maxscore":1},"responses":[{"order":1,"id":145,"props":{"id":232},"title":{"en":"True"},"score":"0.0000"},{"order":2,"id":266,"props":{"id":460,"feedback":{"en":"Correct! It is false. Exercise is recommended for people with diabetes as part of a healthy lifestyle and maintenance of a normal weight for their height; also, the blood glucose levels of a diabetic person are often too high, as well as sometimes too low."}},"title":{"en":"False"},"score":"1.0000"}]}},{"order":11,"id":526,"question":{"id":51,"type":"multichoice","title":{"en_GB":"More people die from cancer in the world every year than from HIV\/AIDS, tuberculosis and malaria combined."},"props":{"maxscore":1},"responses":[{"order":1,"id":818,"props":{"id":145,"feedback":{"en_GB":"<p>Correct! It <span lang=\"en-GB\">is true.<\/span><span lang=\"en-GB\"> M<\/span><span lang=\"en-GB\">ore people die from cancer worldwide every year than from HIV\/AIDS, tuberculosis and m<\/span><span lang=\"en-GB\">alaria<\/span><span lang=\"en-GB\"> combined.<\/span><\/p>"}},"title":{"en":"True"},"score":"1.0000"},{"order":2,"id":828,"props":{"id":173},"title":{"en":"False"},"score":"0.0000"}]}},{"order":12,"id":700,"question":{"id":299,"type":"multichoice","title":{"en_GB":"Benign tumours are not generally life-threatening."},"props":{"maxscore":1},"responses":[{"order":1,"id":752,"props":{"id":842,"feedback":{"en_GB":"<p>Correct! It <span lang=\"en-GB\"> is true.<\/span><span lang=\"en-GB\"> Benign tumours are <\/span><span lang=\"en-GB\">not generally life-<\/span><span lang=\"en-GB\">threatening<\/span><span lang=\"en-GB\">.<\/span><\/p>"}},"title":{"en":"True"},"score":"1.0000"},{"order":2,"id":979,"props":{"id":472},"title":{"en":"False"},"score":"0.0000"}]}},{"order":13,"id":649,"question":{"id":803,"type":"multichoice","title":{"en_GB":"Malignant tumours are life-threatening because they spread and cause damage to organs and tissues all over the body."},"props":{"maxscore":1},"responses":[{"order":1,"id":999,"props":{"id":957,"feedback":{"en_GB":"<p>Correct! It <span lang=\"en-GB\"> is true. Malignant tumours are life-threatening because they spread and cause damage to organs and tissues all over the body.<\/span><\/p>"}},"title":{"en":"True"},"score":"1.0000"},{"order":2,"id":897,"props":{"id":417},"title":{"en":"False"},"score":"0.0000"}]}},{"order":14,"id":460,"question":{"id":204,"type":"multichoice","title":{"en_GB":"\u00a0Cancer cells are normal cells growing in the wrong place."},"props":{"maxscore":1},"responses":[{"order":1,"id":998,"props":{"id":965},"title":{"en":"True"},"score":"0.0000"},{"order":2,"id":207,"props":{"id":866,"feedback":{"en_GB":"<p>Correct! It <span lang=\"en-GB\"> is <\/span><span lang=\"en-GB\">false.<\/span> <span lang=\"en-GB\">Cancer<\/span><span lang=\"en-GB\"> cells<\/span><span lang=\"en-GB\"> are grow<\/span><span lang=\"en-GB\">ing in the wrong place, but they are not normal cells \u2013 there are many differences<\/span><\/p>"}},"title":{"en":"False"},"score":"1.0000"}]}},{"order":15,"id":170,"question":{"id":982,"type":"multichoice","title":{"en_GB":"Cancer cells can multiply uncontrollably by repeated cell divisions."},"props":{"maxscore":1},"responses":[{"order":1,"id":174,"props":{"id":76,"feedback":{"en_GB":"<p>Correct! It <span lang=\"en-GB\">is true. Cancer cells can multiply uncontrollably by repeated cell divisions.<\/span><\/p>"}},"title":{"en":"True"},"score":"1.0000"},{"order":2,"id":386,"props":{"id":622},"title":{"en":"False"},"score":"0.0000"}]}},{"order":16,"id":508,"question":{"id":319,"type":"multichoice","title":{"en_GB":"Cancer cells \u2018self-destruct\u2019 when they get too old or develop abnormal features."},"props":{"maxscore":1},"responses":[{"order":1,"id":358,"props":{"id":975},"title":{"en":"True"},"score":"0.0000"},{"order":2,"id":737,"props":{"id":132,"feedback":{"en_GB":"<p>Correct! It <span lang=\"en-GB\">is <\/span><span lang=\"en-GB\">false. <\/span><span lang=\"en-GB\">Cancer cells survive for many cell divisions because they do not \u2018self-destruct\u2019; normal cells do self-destruct when they get too old or develop abnormal features.<\/span><\/p>"}},"title":{"en":"False"},"score":"1.0000"}]}},{"order":17,"id":933,"question":{"id":317,"type":"multichoice","title":{"en":"COPD is a progressive disease, which affects the cardiovascular system."},"props":{"maxscore":1},"responses":[{"order":1,"id":80,"props":{"id":244},"title":{"en":"True"},"score":"0.0000"},{"order":2,"id":700,"props":{"id":192,"feedback":{"en":"Correct! It is false. COPD is a disease which affects the respiratory system (not the cardiovascular system)"}},"title":{"en":"False"},"score":"1.0000"}]}},{"order":18,"id":716,"question":{"id":894,"type":"multichoice","title":{"en":"Wheezing, breathlessness and a cough with production of large amounts of mucus in the lungs are the major symptoms of COPD."},"props":{"maxscore":1},"responses":[{"order":1,"id":355,"props":{"id":414,"feedback":{"en":"Correct! It is true. Wheezing, breathlessness and a cough with production of large amounts of mucus in the lungs are the major symptoms of COPD."}},"title":{"en":"True"},"score":"1.0000"},{"order":2,"id":398,"props":{"id":390},"title":{"en":"False"},"score":"0.0000"}]}},{"order":19,"id":969,"question":{"id":149,"type":"multichoice","title":{"en":"Air entering the body travels down the oesophagus into the lungs."},"props":{"maxscore":1},"responses":[{"order":1,"id":263,"props":{"id":3},"title":{"en":"True"},"score":"0.0000"},{"order":2,"id":895,"props":{"id":33,"feedback":{"en":"Correct! It is false. Air entering the body travels down the trachea (not the oesophagus) into the lungs. The oesophagus carries food and drinks from the mouth into the stomach."}},"title":{"en":"False"},"score":"1.0000"}]}},{"order":20,"id":881,"question":{"id":1,"type":"multichoice","title":{"en":"In COPD, the air sacs lose elasticity and their walls can break down."},"props":{"maxscore":1},"responses":[{"order":1,"id":467,"props":{"id":444,"feedback":{"en":"Correct! It is true. In COPD, the air sacs lose elasticity and their walls can break down \u2013 this condition is called emphysema."}},"title":{"en":"True"},"score":"1.0000"},{"order":2,"id":351,"props":{"id":256},"title":{"en":"False"},"score":"0.0000"}]}},{"order":21,"id":721,"question":{"id":283,"type":"multichoice","title":{"en":"Bronchial asthma is mainly a disease of elderly people."},"props":{"maxscore":1},"responses":[{"order":1,"id":387,"props":{"id":507},"title":{"en":"True"},"score":"0.0000"},{"order":2,"id":603,"props":{"id":745,"feedback":{"en":"Correct! It is false. Bronchial asthma can affect all ages, but it is much more common than COPD in young adults and it is very common in children.It is COPD that mainly affects older adults and elderly people."}},"title":{"en":"False"},"score":"1.0000"}]}},{"order":22,"id":464,"question":{"id":3,"type":"multichoice","title":{"en":"Exposure to pollen and animal hair can cause COPD."},"props":{"maxscore":1},"responses":[{"order":1,"id":373,"props":{"id":693},"title":{"en":"True"},"score":"0.0000"},{"order":2,"id":698,"props":{"id":347,"feedback":{"en":"Correct! it is false. Asthma (not COPD) can be caused by exposure to pollen and animal hair \u2013 but only in people who are sensitive to these allergens."}},"title":{"en":"False"},"score":"1.0000"}]}},{"order":23,"id":57,"question":{"id":900,"type":"multichoice","title":{"en":"The structures of the oral cavity enable us to speak, chew and swallow."},"props":{"maxscore":1},"responses":[{"order":1,"id":810,"props":{"id":878,"feedback":{"en":"Correct! It is true. The structures of the oral cavity enable us to speak, chew and swallow."}},"title":{"en":"True"},"score":"1.0000"},{"order":2,"id":479,"props":{"id":974},"title":{"en":"False"},"score":"0.0000"}]}},{"order":24,"id":719,"question":{"id":957,"type":"multichoice","title":{"en":"Humans normally produce two sets of 32 teeth."},"props":{"maxscore":1},"responses":[{"order":1,"id":731,"props":{"id":738},"title":{"en":"True"},"score":"0.0000"},{"order":2,"id":976,"props":{"id":757,"feedback":{"en":"Correct! It is false. Humans do normally produce two sets, but only the second (permanent) set has 32 teeth. The first set (milk or baby teeth) has only 20 teeth."}},"title":{"en":"False"},"score":"1.0000"}]}},{"order":25,"id":538,"question":{"id":754,"type":"multichoice","title":{"en":"The mouth is the entrance to the digestive and respiratory systems."},"props":{"maxscore":1},"responses":[{"order":1,"id":721,"props":{"id":760,"feedback":{"en":"Correct! It is true. The mouth is the entrance to the digestive and respiratory systems."}},"title":{"en":"True"},"score":"1.0000"},{"order":2,"id":30,"props":{"id":286},"title":{"en":"False"},"score":"0.0000"}]}},{"order":26,"id":765,"question":{"id":136,"type":"multichoice","title":{"en":"The palate is the floor of the oral cavity."},"props":{"maxscore":1},"responses":[{"order":1,"id":46,"props":{"id":414},"title":{"en":"True"},"score":"0.0000"},{"order":2,"id":453,"props":{"id":265,"feedback":{"en":"Correct! It is false. The palate is the roof of the oral cavity (not the floor)."}},"title":{"en":"False"},"score":"1.0000"}]}},{"order":27,"id":930,"question":{"id":250,"type":"multichoice","title":{"en":"Saliva helps to keep the mouth clean."},"props":{"maxscore":1},"responses":[{"order":1,"id":533,"props":{"id":502,"feedback":{"en":"Correct! It is true. Saliva helps to keep the mouth clean."}},"title":{"en":"True"},"score":"1.0000"},{"order":2,"id":432,"props":{"id":714},"title":{"en":"False"},"score":"0.0000"}]}},{"order":28,"id":591,"question":{"id":279,"type":"multichoice","title":{"en":"Teeth are dead structures made from enamel and bone."},"props":{"maxscore":1},"responses":[{"order":1,"id":787,"props":{"id":324},"title":{"en":"True"},"score":"0.0000"},{"order":2,"id":159,"props":{"id":396,"feedback":{"en":"Correct! It is false. Teeth are living structures with dentine, pulp and blood vessels inside them; only the upper surface of a tooth is covered with hard dead enamel."}},"title":{"en":"False"},"score":"1.0000"}]}},{"order":29,"id":736,"question":{"id":673,"type":"multichoice","title":{"en":"If a wound is bleeding externally, you apply pressure to it, elevate the bleeding part and bandage it tightly enough to stop the bleeding."},"props":{"maxscore":1},"responses":[{"order":1,"id":354,"props":{"id":631,"feedback":{"en":"Correct! It is true. If a wound is bleeding externally, you apply pressure to it, elevate the bleeding part and bandage it tightly enough to stop the bleeding."}},"title":{"en":"True"},"score":"1.0000"},{"order":2,"id":735,"props":{"id":122},"title":{"en":"False"},"score":"0.0000"}]}},{"order":30,"id":112,"question":{"id":606,"type":"multichoice","title":{"en":"A person who has internal bleeding will have a slow pulse and rapidly rising blood pressure."},"props":{"maxscore":1},"responses":[{"order":1,"id":595,"props":{"id":627},"title":{"en":"True"},"score":"0.0000"},{"order":2,"id":235,"props":{"id":791,"feedback":{"en":"Correct! It is false. A person who has internal bleeding will have a rapid pulse and falling blood pressure."}},"title":{"en":"False"},"score":"1.0000"}]}},{"order":31,"id":858,"question":{"id":122,"type":"multichoice","title":{"en":"Pain in the abdomen and rigid abdominal muscles are signs of a possible internal injury."},"props":{"maxscore":1},"responses":[{"order":1,"id":235,"props":{"id":639,"feedback":{"en":"Correct! It is true. Pain in the abdomen and rigid abdominal muscles are signs of a possible internal injury."}},"title":{"en":"True"},"score":"1.0000"},{"order":2,"id":345,"props":{"id":854},"title":{"en":"False"},"score":"0.0000"}]}},{"order":32,"id":324,"question":{"id":346,"type":"multichoice","title":{"en":"Bleeding from the nose, ears or scalp and confusion in the patient\u2019s speech or behaviour are signs of possible head injury."},"props":{"maxscore":1},"responses":[{"order":1,"id":570,"props":{"id":85,"feedback":{"en":"Correct! It is true. Bleeding from the nose, ears or scalp and confusion in the patient\u2019s speech or behaviour are signs of possible head injury."}},"title":{"en":"True"},"score":"1.0000"},{"order":2,"id":17,"props":{"id":37},"title":{"en":"False"},"score":"0.0000"}]}},{"order":33,"id":472,"question":{"id":664,"type":"multichoice","title":{"en":"Swelling and internal bleeding are signs of an open fracture."},"props":{"maxscore":1},"responses":[{"order":1,"id":847,"props":{"id":808},"title":{"en":"True"},"score":"0.0000"},{"order":2,"id":444,"props":{"id":763,"feedback":{"en":"Correct! It is false. An open fracture means the broken bone is sticking out through the skin at the fracture site. There is also likely to be swelling and internal bleeding, but this also occurs in closed fractures."}},"title":{"en":"False"},"score":"1.0000"}]}},{"order":34,"id":133,"question":{"id":529,"type":"multichoice","title":{"en":"A person with a first degree burn is at risk of dying from dehydration and infection."},"props":{"maxscore":1},"responses":[{"order":1,"id":876,"props":{"id":370},"title":{"en":"True"},"score":"0.0000"},{"order":2,"id":488,"props":{"id":164,"feedback":{"en":"Correct! It is false. A person with a third degree burn is at risk of dying from dehydration and infection if the burned area is extensive. First degree burns are superficial and heal within a few days."}},"title":{"en":"False"},"score":"1.0000"}]}},{"order":35,"id":143,"question":{"id":107,"type":"multichoice","title":{"en":"If you suspect that a person has swallowed poison, apply abdominal thrusts to help them to cough out the poison."},"props":{"maxscore":1},"responses":[{"order":1,"id":115,"props":{"id":660},"title":{"en":"True"},"score":"0.0000"},{"order":2,"id":331,"props":{"id":363,"feedback":{"en":"Correct! It is false. Abdominal thrusts are applied to help someone who is choking to cough the obstruction out of their airway. This technique is useless to help someone who has swallowed poison, which will be absorbed into their body through the digestive tract."}},"title":{"en":"False"},"score":"1.0000"}]}},{"order":36,"id":102,"question":{"id":612,"type":"multichoice","title":{"en":"If you suspect that a person has absorbed poison through their skin, remove any contaminated clothing and wash the body with soap and water before referring them."},"props":{"maxscore":1},"responses":[{"order":1,"id":559,"props":{"id":641,"feedback":{"en":"Correct! It is true. If you suspect that a person has absorbed poison through their skin, remove any contaminated clothing and wash the body with soap and water before referring them."}},"title":{"en":"True"},"score":"1.0000"},{"order":2,"id":406,"props":{"id":424},"title":{"en":"False"},"score":"0.0000"}]}},{"order":37,"id":411,"question":{"id":44,"type":"multichoice","title":{"en":"Swallowing bleach or kerosene is a common method of trying to commit suicide in rural communities."},"props":{"maxscore":1},"responses":[{"order":1,"id":957,"props":{"id":831,"feedback":{"en":"Correct! It is true. Swallowing bleach or kerosene is a common method of trying to commit suicide in rural communities."}},"title":{"en":"True"},"score":"1.0000"},{"order":2,"id":523,"props":{"id":236},"title":{"en":"False"},"score":"0.0000"}]}},{"order":38,"id":322,"question":{"id":858,"type":"multichoice","title":{"en":"Tying a cloth over the nose and mouth is good protection from inhaling droplets of insecticide while spraying houses to kill mosquitoes."},"props":{"maxscore":1},"responses":[{"order":1,"id":120,"props":{"id":238},"title":{"en":"True"},"score":"0.0000"},{"order":2,"id":952,"props":{"id":963,"feedback":{"en":"Correct! It is false. Tying a cloth over the nose and mouth is not adequate protection for someone who is spraying houses to kill mosquitoes. Insecticide sprayers should wear proper protective clothing, including a special mask."}},"title":{"en":"False"},"score":"1.0000"}]}},{"order":39,"id":487,"question":{"id":409,"type":"multichoice","title":{"en":"Burning charcoal in an enclosed room is dangerous because the fumes are poisonous and inhaling them can cause loss of consciousness."},"props":{"maxscore":1},"responses":[{"order":1,"id":162,"props":{"id":55,"feedback":{"en":"Correct! It is true. Burning charcoal in an enclosed room is dangerous because the fumes are poisonous and inhaling them can cause loss of consciousness."}},"title":{"en":"True"},"score":"1.0000"},{"order":2,"id":335,"props":{"id":99},"title":{"en":"False"},"score":"0.0000"}]}}]}]]></content>
    </activity>
    <image filename="/images/17110.png"/>
    <langs>
      <lang>en_GB</lang>
    </langs>
    <gamification>
      <event name="quiz_first_attempt">20</event>
      <event name="quiz_attempt">10</event>
      <event name="quiz_first_attempt_threshold">100</event>
      <event name="quiz_first_attempt_bonus">50</event>
      <event name="activity_completed">10</event>
      <event name="media_started">20</event>
      <event name="media_playing_interval">30</event>
      <event name="media_playing_points_per_interval">5</event>
      <event name="media_max_points">200</event>
      <event name="course_downloaded">50</event>
    </gamification>
  </meta>
  <structure>
    <section order="1">
      <title lang="en"><![CDATA[Cardiovascular Diseases]]></title>
      <activities>
        <activity type="page" order="1" digest="a663bcaefdda339032d4c2b563db745616201">
          <title lang="en"><![CDATA[Introduction]]></title>
          <image filename="/images/16201.png"/>
          <location lang="en">01_16201_en.html</location>
        </activity>
        <activity type="page" order="2" digest="65c64212745e58522d8b2f96c29c7c9316202">
          <title lang="en"><![CDATA[Learning Outcomes]]></title>
          <image filename="/images/16202.png"/>
          <location lang="en">01_16202_en.html</location>
        </activity>
        <activity type="page" order="3" digest="21096f72ec31ceb93270704caff07fe716203">
          <title lang="en"><![CDATA[Function and composition of blood]]></title>
          <location lang="en">01_16203_en.html</location>
        </activity>
        <activity type="page" order="4" digest="93c84501adebc81c6346784b2b93e5cf16204">
          <title lang="en"><![CDATA[Blood cells and plasma]]></title>
          <image filename="/images/16204.png"/>
          <location lang="en">01_16204_en.html</location>
        </activity>
        <activity type="page" order="5" digest="91cf4c8929ac0296d78f38683495cb4916205">
          <title lang="en"><![CDATA[Anatomy and physiology of the heart]]></title>
          <image filename="/images/16205.png"/>
          <location lang="en">01_16205_en.html</location>
        </activity>
        <activity type="page" order="6" digest="cfd0b6082d488589157bb7e1b715e89e16206">
          <title lang="en"><![CDATA[The circulation of blood]]></title>
          <image filename="/images/16206.png"/>
          <location lang="en">01_16206_en.html</location>
        </activity>
        <activity type="page" order="7" digest="c1108b12a21aa25f422955a237d5674316207">
          <title lang="en"><![CDATA[The heartbeat]]></title>
          <image filename="/images/16207.png"/>
          <location lang="en">01_16207_en.html</location>
        </activity>
        <activity type="page" order="8" digest="00008c0633ecbc67d978cfe03bb6598c16208">
          <title lang="en"><![CDATA[The blood vessels]]></title>
          <image filename="/images/16208.png"/>
          <location lang="en">01_16208_en.html</location>
        </activity>
        <activity type="page" order="9" digest="2a7d3b4579f15654c1d06e7396a296d816209">
          <title lang="en"><![CDATA[The pulse]]></title>
          <image filename="/images/16209.png"/>
          <location lang="en">01_16209_en.html</location>
        </activity>
        <activity type="page" order="10" digest="f5a3d30db5a0123afad292d18354b18616210">
          <title lang="en"><![CDATA[Blood pressure (BP)]]></title>
          <image filename="/images/16210.png"/>
          <location lang="en">01_16210_en.html</location>
        </activity>
        <activity type="page" order="11" digest="2c6b109fe4d745f6ba16ba76bad12fda16211">
          <title lang="en"><![CDATA[What are cardiovascular diseases (CVDs)?]]></title>
          <location lang="en">01_16211_en.html</location>
        </activity>
        <activity type="page" order="12" digest="8a8f65e4a2125ab26d7e14ccd6a6578116212">
          <title lang="en"><![CDATA[What are the risk factors for cardiovascular diseases?]]></title>
          <location lang="en">01_16212_en.html</location>
        </activity>
        <activity type="page" order="13" digest="2f5d69eda5fe489288cae72e3247b6d216213">
          <title lang="en"><![CDATA[Heart failure]]></title>
          <location lang="en">01_16213_en.html</location>
        </activity>
        <activity type="page" order="14" digest="9c6749c2500958fb35decaa5ddb8e00916214">
          <title lang="en"><![CDATA[Hypertension (high blood pressure)]]></title>
          <location lang="en">01_16214_en.html</location>
        </activity>
        <activity type="page" order="15" digest="b44f7def13ca622639d4ea1272cf157416215">
          <title lang="en"><![CDATA[Community approaches to decrease the risk of cardiovascular diseases]]></title>
          <location lang="en">01_16215_en.html</location>
        </activity>
        <activity type="page" order="16" digest="c14c3a7d9543e366925a82a73a60398516216">
          <title lang="en"><![CDATA[Action by individuals]]></title>
          <location lang="en">01_16216_en.html</location>
        </activity>
        <activity type="page" order="17" digest="90369efd3c9b71ea269f3368d859f4fc16217">
          <title lang="en"><![CDATA[Action at national and community level]]></title>
          <location lang="en">01_16217_en.html</location>
        </activity>
        <activity type="page" order="18" digest="ccf77101f7baa4ef9125cf429558905c16218">
          <title lang="en"><![CDATA[Dietary approach to stop hypertension (DASH)]]></title>
          <location lang="en">01_16218_en.html</location>
        </activity>
        <activity type="page" order="19" digest="08d14ced581b5086b8c67c48f9be72c116219">
          <title lang="en"><![CDATA[Mental health and chronic illness]]></title>
          <location lang="en">01_16219_en.html</location>
        </activity>
        <activity type="page" order="20" digest="682252db3e27bc38d819c68a206248aa16220">
          <title lang="en"><![CDATA[Summary]]></title>
          <image filename="/images/16220.png"/>
          <location lang="en">01_16220_en.html</location>
        </activity>
        <activity type="quiz" order="21" digest="c7473d132b57edca9e8c3e1b2956916416221cr0s2a1p80a0m0">
          <title lang="en"><![CDATA[Quiz]]></title>
          <content lang="en"><![CDATA[{"id":838,"title":{"en":"Quiz"},"description":{"en":"Cardiovascular Diseases"},"props":{"digest":"c7473d132b57edca9e8c3e1b2956916416221cr0s2a1p80a0m0","courseversion":"20191104153356","showfeedback":2,"allowtryagain":1,"passthreshold":80,"availability":0,"maxattempts":0,"maxscore":5},"questions":[{"order":1,"id":843,"question":{"id":567,"type":"multichoice","title":{"en":"In an adult human, blood accounts for approximately 7\u20139% of total body weight."},"props":{"maxscore":1},"responses":[{"order":1,"id":958,"props":{"id":367,"feedback":{"en":"Correct! It is true. Blood accounts for approximately 7\u20139% of total body weight in an adult human."}},"title":{"en":"True"},"score":"1.0000"},{"order":2,"id":532,"props":{"id":431},"title":{"en":"False"},"score":"0.0000"}]}},{"order":2,"id":769,"question":{"id":157,"type":"multichoice","title":{"en":"A person weighing 70 kg has got 10\u201315 litres of blood circulating around the body."},"props":{"maxscore":1},"responses":[{"order":1,"id":278,"props":{"id":5},"title":{"en":"True"},"score":"0.0000"},{"order":2,"id":929,"props":{"id":313,"feedback":{"en":"Correct! It is false. An adult has 5\u20136 litres of blood circulating around the body (not 10\u201315 litres)."}},"title":{"en":"False"},"score":"1.0000"}]}},{"order":3,"id":215,"question":{"id":518,"type":"multichoice","title":{"en":"The primary function of the blood is to transport oxygen nutrients, and as a means to remove waste products from the tissues."},"props":{"maxscore":1},"responses":[{"order":1,"id":158,"props":{"id":672,"feedback":{"en":"Correct! It is true. The primary function of the blood is to transport oxygen nutrients, and as a means to remove waste products from the tissues."}},"title":{"en":"True"},"score":"1.0000"},{"order":2,"id":295,"props":{"id":157},"title":{"en":"False"},"score":"0.0000"}]}},{"order":4,"id":46,"question":{"id":582,"type":"multichoice","title":{"en":"Red blood cells contain a protein called haemoglobin, which is red in colour and contains a lot of iron."},"props":{"maxscore":1},"responses":[{"order":1,"id":477,"props":{"id":396,"feedback":{"en":"Correct! It is true. Red blood cells contain a protein called haemoglobin, which is red in colour and contains a lot of iron."}},"title":{"en":"True"},"score":"1.0000"},{"order":2,"id":670,"props":{"id":619},"title":{"en":"False"},"score":"0.0000"}]}},{"order":5,"id":862,"question":{"id":540,"type":"multichoice","title":{"en":"Haemoglobin picks up oxygen as it passes through the heart and distributes it around the body in the blood."},"props":{"maxscore":1},"responses":[{"order":1,"id":382,"props":{"id":2},"title":{"en":"True"},"score":"0.0000"},{"order":2,"id":972,"props":{"id":79,"feedback":{"en":"Correct! It is false. Haemoglobin picks up oxygen as it passes through the lungs (not the heart)."}},"title":{"en":"False"},"score":"1.0000"}]}}]}]]></content>
          <image filename="/images/16221.png"/>
        </activity>
      </activities>
    </section>
    <section order="2">
      <title lang="en"><![CDATA[Diabetes Mellitus]]></title>
      <activities>
        <activity type="page" order="1" digest="4e8e9932cca67ca0fb115f125b2874b616222">
          <title lang="en"><![CDATA[Introduction]]></title>
          <image filename="/images/16222.png"/>
          <location lang="en">02_16222_en.html</location>
        </activity>
        <activity type="page" order="2" digest="23df191282830a3594ee8f25c07a28e216223">
          <title lang="en"><![CDATA[Learning Outcomes]]></title>
          <image filename="/images/16223.png"/>
          <location lang="en">02_16223_en.html</location>
        </activity>
        <activity type="page" order="3" digest="aadb7e08f59c898fca427a09f922969516224">
          <title lang="en"><![CDATA[What is diabetes mellitus?]]></title>
          <image filename="/images/16224.png"/>
          <location lang="en">02_16224_en.html</location>
        </activity>
        <activity type="page" order="4" digest="9e9ce1273bf9e452487034026c71d46716225">
          <title lang="en"><![CDATA[How the body regulates blood glucose levels]]></title>
          <location lang="en">02_16225_en.html</location>
        </activity>
        <activity type="page" order="5" digest="96921f0169099fa31c54e98c38d44ffe16226">
          <title lang="en"><![CDATA[Hormones in glucose regulation]]></title>
          <location lang="en">02_16226_en.html</location>
        </activity>
        <activity type="page" order="6" digest="c8502c160d581d9c90458d6933cc61d016227">
          <title lang="en"><![CDATA[The pancreas]]></title>
          <image filename="/images/16227.png"/>
          <location lang="en">02_16227_en.html</location>
        </activity>
        <activity type="page" order="7" digest="9b720ef7980fc19a6e788fee7216954e16228">
          <title lang="en"><![CDATA[Insulin and its role in glucose regulation]]></title>
          <location lang="en">02_16228_en.html</location>
        </activity>
        <activity type="page" order="8" digest="1b7f35bee305cafa7ef6f8472b65749216229">
          <title lang="en"><![CDATA[Glucagon]]></title>
          <location lang="en">02_16229_en.html</location>
        </activity>
        <activity type="page" order="9" digest="bd89ae3a868e0e7ab1c74166fb6696aa16230">
          <title lang="en"><![CDATA[Digestion of the main food groups]]></title>
          <image filename="/images/16230.png"/>
          <location lang="en">02_16230_en.html</location>
        </activity>
        <activity type="page" order="10" digest="ace23494c9c5d18345fc6a724c9351b916231">
          <title lang="en"><![CDATA[The liver in glucose regulation]]></title>
          <location lang="en">02_16231_en.html</location>
        </activity>
        <activity type="page" order="11" digest="3563c19e16f329f2cde0615bf677d7ae16232">
          <title lang="en"><![CDATA[The muscles in glucose regulation]]></title>
          <location lang="en">02_16232_en.html</location>
        </activity>
        <activity type="page" order="12" digest="89db4e405ec863491e856729c737092e16233">
          <title lang="en"><![CDATA[Fats and diabetes]]></title>
          <location lang="en">02_16233_en.html</location>
        </activity>
        <activity type="page" order="13" digest="d149bbc9e12c725704cc8a22175133bc16234">
          <title lang="en"><![CDATA[Symptoms and signs of diabetes]]></title>
          <location lang="en">02_16234_en.html</location>
        </activity>
        <activity type="page" order="14" digest="a781cd70b03480feaf823a65656af23116235">
          <title lang="en"><![CDATA[Classification of diabetes]]></title>
          <location lang="en">02_16235_en.html</location>
        </activity>
        <activity type="page" order="15" digest="60a1e0f63dc94c25b496e5352f63d5ac16236">
          <title lang="en"><![CDATA[Type 1 diabetes]]></title>
          <location lang="en">02_16236_en.html</location>
        </activity>
        <activity type="page" order="16" digest="cd3d1e84b99793ed01c03e4aa70565aa16237">
          <title lang="en"><![CDATA[Type 2 diabetes]]></title>
          <location lang="en">02_16237_en.html</location>
        </activity>
        <activity type="page" order="17" digest="cb72bdfea69654e6dbc21de448a8093916238">
          <title lang="en"><![CDATA[Gestational diabetes]]></title>
          <location lang="en">02_16238_en.html</location>
        </activity>
        <activity type="page" order="18" digest="e52e62df2255882359594756d37c374316239">
          <title lang="en"><![CDATA[Injecting insulin]]></title>
          <image filename="/images/16239.png"/>
          <location lang="en">02_16239_en.html</location>
        </activity>
        <activity type="page" order="19" digest="ffe0445b1fbcb1c74a9fcbe62e1aa7e816240">
          <title lang="en"><![CDATA[Risk factors for diabetes]]></title>
          <location lang="en">02_16240_en.html</location>
        </activity>
        <activity type="page" order="20" digest="b9cc887b07c6ea418fa48d6267bc3fda16241">
          <title lang="en"><![CDATA[Body Mass Index (BMI)]]></title>
          <image filename="/images/16241.png"/>
          <location lang="en">02_16241_en.html</location>
        </activity>
        <activity type="page" order="21" digest="880d8d25c0a09024815d066fd42b2e1916242">
          <title lang="en"><![CDATA[Self-care and diet for someone with diabetes]]></title>
          <location lang="en">02_16242_en.html</location>
        </activity>
        <activity type="page" order="22" digest="f84e3f99a3998074a2f262aac11a6d9616243">
          <title lang="en"><![CDATA[Maintaining a healthy diet]]></title>
          <location lang="en">02_16243_en.html</location>
        </activity>
        <activity type="page" order="23" digest="a92c3cb2ebfaf9e4a627330f4703415916244">
          <title lang="en"><![CDATA[Summary]]></title>
          <image filename="/images/16244.png"/>
          <location lang="en">02_16244_en.html</location>
        </activity>
        <activity type="quiz" order="24" digest="0d2c028fce55ceefa40be9304f2efc6016245cr0s2a1p80a0m0">
          <title lang="en"><![CDATA[Quiz]]></title>
          <content lang="en"><![CDATA[{"id":457,"title":{"en":"Quiz"},"description":{"en":"Diabetes Mellitus"},"props":{"digest":"0d2c028fce55ceefa40be9304f2efc6016245cr0s2a1p80a0m0","courseversion":"20191104153356","showfeedback":2,"allowtryagain":1,"passthreshold":80,"availability":0,"maxattempts":0,"maxscore":5},"questions":[{"order":1,"id":821,"question":{"id":887,"type":"multichoice","title":{"en":"Diabetes is a condition in which the blood glucose level is always too high."},"props":{"maxscore":1},"responses":[{"order":1,"id":598,"props":{"id":623},"title":{"en":"True"},"score":"0.0000"},{"order":2,"id":805,"props":{"id":150,"feedback":{"en":"Correct! It is false. Blood glucose can also fall too low in a person with diabetes; the condition is characterised by lack of regulation of blood glucose."}},"title":{"en":"False"},"score":"1.0000"}]}},{"order":2,"id":684,"question":{"id":842,"type":"multichoice","title":{"en":"Diabetes is becoming more common in developing countries."},"props":{"maxscore":1},"responses":[{"order":1,"id":465,"props":{"id":652,"feedback":{"en":"Correct! It is true. Diabetes is becoming more common in developing countries."}},"title":{"en":"True"},"score":"1.0000"},{"order":2,"id":678,"props":{"id":377},"title":{"en":"False"},"score":"0.0000"}]}},{"order":3,"id":25,"question":{"id":608,"type":"multichoice","title":{"en":"Excess glucose is stored in the liver until it is needed."},"props":{"maxscore":1},"responses":[{"order":1,"id":174,"props":{"id":521,"feedback":{"en":"Correct! It is true. Excess glucose is stored in the liver until it is needed."}},"title":{"en":"True"},"score":"1.0000"},{"order":2,"id":110,"props":{"id":192},"title":{"en":"False"},"score":"0.0000"}]}},{"order":4,"id":429,"question":{"id":395,"type":"multichoice","title":{"en":"Insulin stimulates the liver to release stored glucose when the body needs more fuel."},"props":{"maxscore":1},"responses":[{"order":1,"id":702,"props":{"id":944},"title":{"en":"True"},"score":"0.0000"},{"order":2,"id":902,"props":{"id":837,"feedback":{"en":"Correct! It is false. Glucagon (not insulin) stimulates the liver to release stored glucose when the body needs more fuel."}},"title":{"en":"False"},"score":"1.0000"}]}},{"order":5,"id":768,"question":{"id":217,"type":"multichoice","title":{"en":"Exercise is not recommended for people with diabetes because it depletes the low level of glucose in their blood."},"props":{"maxscore":1},"responses":[{"order":1,"id":960,"props":{"id":159},"title":{"en":"True"},"score":"0.0000"},{"order":2,"id":965,"props":{"id":916,"feedback":{"en":"Correct! It is false. Exercise is recommended for people with diabetes as part of a healthy lifestyle and maintenance of a normal weight for their height; also, the blood glucose levels of a diabetic person are often too high, as well as sometimes too low."}},"title":{"en":"False"},"score":"1.0000"}]}}]}]]></content>
          <image filename="/images/16245.png"/>
        </activity>
      </activities>
    </section>
    <section order="3">
      <title lang="en"><![CDATA[Cancers]]></title>
      <activities>
        <activity type="page" order="1" digest="f8124d511952beb93d42165104e23f2416246">
          <title lang="en"><![CDATA[Introduction]]></title>
          <image filename="/images/16246.png"/>
          <location lang="en">03_16246_en.html</location>
        </activity>
        <activity type="page" order="2" digest="1b26d519e01523afa9791309756c70f816247">
          <title lang="en"><![CDATA[Learning Outcomes]]></title>
          <image filename="/images/16247.png"/>
          <location lang="en">03_16247_en.html</location>
        </activity>
        <activity type="page" order="3" digest="467c0d3cf4fd8ae246b4fd340e924acc16248">
          <title lang="en"><![CDATA[Cells and cancer]]></title>
          <image filename="/images/16248.png"/>
          <location lang="en">03_16248_en.html</location>
        </activity>
        <activity type="page" order="4" digest="8693176b4669b0d5ec4c5f148bc7e54316249">
          <title lang="en"><![CDATA[What is a cancer?]]></title>
          <image filename="/images/16249.png"/>
          <location lang="en">03_16249_en.html</location>
        </activity>
        <activity type="page" order="5" digest="2ea1dd8ae24fdfb5321158f3e5a9871116250">
          <title lang="en"><![CDATA[The human body and cancer]]></title>
          <location lang="en">03_16250_en.html</location>
        </activity>
        <activity type="page" order="6" digest="75f850f7a97d33c0295d9cb38530f54f16251">
          <title lang="en"><![CDATA[Problems in diagnosing cancers from their symptoms]]></title>
          <location lang="en">03_16251_en.html</location>
        </activity>
        <activity type="page" order="7" digest="8feb8b8b92478506cc13cbe7fd7cc7b016252">
          <title lang="en"><![CDATA[Risk factors for cancers]]></title>
          <location lang="en">03_16252_en.html</location>
        </activity>
        <activity type="page" order="8" digest="8a420b6c8d5c73b14796e7ee461de93716253">
          <title lang="en"><![CDATA[Cancer prevention through risk reduction strategies]]></title>
          <location lang="en">03_16253_en.html</location>
        </activity>
        <activity type="page" order="9" digest="91aca036abffa4be3bec7db3de00c71e16254">
          <title lang="en"><![CDATA[Prevention of cancers caused by viruses]]></title>
          <location lang="en">03_16254_en.html</location>
        </activity>
        <activity type="page" order="10" digest="f1bb25e04295364ec83c1c62e85e34ff16255">
          <title lang="en"><![CDATA[Breast cancer]]></title>
          <location lang="en">03_16255_en.html</location>
        </activity>
        <activity type="page" order="11" digest="84f9bd25b7fff0d6f004e8ac64d7167216256">
          <title lang="en"><![CDATA[Screening for breast cancer]]></title>
          <image filename="/images/16256.png"/>
          <location lang="en">03_16256_en.html</location>
        </activity>
        <activity type="page" order="12" digest="14c53015f152f3e3add245d91717db7016257">
          <title lang="en"><![CDATA[Breast cancer treatment]]></title>
          <location lang="en">03_16257_en.html</location>
        </activity>
        <activity type="page" order="13" digest="81d6bbb9b5f49497bd6d096ac7783f3116258">
          <title lang="en"><![CDATA[Cervical cancer]]></title>
          <image filename="/images/16258.png"/>
          <location lang="en">03_16258_en.html</location>
        </activity>
        <activity type="page" order="14" digest="373d5c7d74f24f1a562609692b6dca9916259">
          <title lang="en"><![CDATA[Cervical cancer screening]]></title>
          <image filename="/images/16259.png"/>
          <location lang="en">03_16259_en.html</location>
        </activity>
        <activity type="page" order="15" digest="c391a95112b4e527900d30c878e715f116260">
          <title lang="en"><![CDATA[Care for a person with advanced cancer]]></title>
          <image filename="/images/16260.png"/>
          <location lang="en">03_16260_en.html</location>
        </activity>
        <activity type="page" order="16" digest="356efad1a881742a8625f9b061b15cb716261">
          <title lang="en"><![CDATA[Summary]]></title>
          <image filename="/images/16261.png"/>
          <location lang="en">03_16261_en.html</location>
        </activity>
        <activity type="quiz" order="17" digest="14bc0a4d466207f29f23a1322811309816262cr0s2a1p80a0m0">
          <title lang="en"><![CDATA[Quiz]]></title>
          <content lang="en"><![CDATA[{"id":250,"title":{"en":"Quiz"},"description":{"en":"Cancers"},"props":{"digest":"14bc0a4d466207f29f23a1322811309816262cr0s2a1p80a0m0","courseversion":"20191104153356","showfeedback":2,"allowtryagain":1,"passthreshold":80,"availability":0,"maxattempts":0,"maxscore":6},"questions":[{"order":1,"id":135,"question":{"id":524,"type":"multichoice","title":{"en_GB":"More people die from cancer in the world every year than from HIV\/AIDS, tuberculosis and malaria combined."},"props":{"maxscore":1},"responses":[{"order":1,"id":249,"props":{"id":403,"feedback":{"en_GB":"<p>Correct! It <span lang=\"en-GB\">is true.<\/span><span lang=\"en-GB\"> M<\/span><span lang=\"en-GB\">ore people die from cancer worldwide every year than from HIV\/AIDS, tuberculosis and m<\/span><span lang=\"en-GB\">alaria<\/span><span lang=\"en-GB\"> combined.<\/span><\/p>"}},"title":{"en":"True"},"score":"1.0000"},{"order":2,"id":511,"props":{"id":524},"title":{"en":"False"},"score":"0.0000"}]}},{"order":2,"id":829,"question":{"id":736,"type":"multichoice","title":{"en_GB":"Benign tumours are not generally life-threatening."},"props":{"maxscore":1},"responses":[{"order":1,"id":414,"props":{"id":974,"feedback":{"en_GB":"<p>Correct! It <span lang=\"en-GB\"> is true.<\/span><span lang=\"en-GB\"> Benign tumours are <\/span><span lang=\"en-GB\">not generally life-<\/span><span lang=\"en-GB\">threatening<\/span><span lang=\"en-GB\">.<\/span><\/p>"}},"title":{"en":"True"},"score":"1.0000"},{"order":2,"id":109,"props":{"id":722},"title":{"en":"False"},"score":"0.0000"}]}},{"order":3,"id":81,"question":{"id":280,"type":"multichoice","title":{"en_GB":"Malignant tumours are life-threatening because they spread and cause damage to organs and tissues all over the body."},"props":{"maxscore":1},"responses":[{"order":1,"id":617,"props":{"id":310,"feedback":{"en_GB":"<p>Correct! It <span lang=\"en-GB\"> is true. Malignant tumours are life-threatening because they spread and cause damage to organs and tissues all over the body.<\/span><\/p>"}},"title":{"en":"True"},"score":"1.0000"},{"order":2,"id":944,"props":{"id":849},"title":{"en":"False"},"score":"0.0000"}]}},{"order":4,"id":444,"question":{"id":154,"type":"multichoice","title":{"en_GB":"\u00a0Cancer cells are normal cells growing in the wrong place."},"props":{"maxscore":1},"responses":[{"order":1,"id":119,"props":{"id":211},"title":{"en":"True"},"score":"0.0000"},{"order":2,"id":475,"props":{"id":19,"feedback":{"en_GB":"<p>Correct! It <span lang=\"en-GB\"> is <\/span><span lang=\"en-GB\">false.<\/span> <span lang=\"en-GB\">Cancer<\/span><span lang=\"en-GB\"> cells<\/span><span lang=\"en-GB\"> are grow<\/span><span lang=\"en-GB\">ing in the wrong place, but they are not normal cells \u2013 there are many differences<\/span><\/p>"}},"title":{"en":"False"},"score":"1.0000"}]}},{"order":5,"id":859,"question":{"id":634,"type":"multichoice","title":{"en_GB":"Cancer cells can multiply uncontrollably by repeated cell divisions."},"props":{"maxscore":1},"responses":[{"order":1,"id":749,"props":{"id":911,"feedback":{"en_GB":"<p>Correct! It <span lang=\"en-GB\">is true. Cancer cells can multiply uncontrollably by repeated cell divisions.<\/span><\/p>"}},"title":{"en":"True"},"score":"1.0000"},{"order":2,"id":75,"props":{"id":315},"title":{"en":"False"},"score":"0.0000"}]}},{"order":6,"id":747,"question":{"id":883,"type":"multichoice","title":{"en_GB":"Cancer cells \u2018self-destruct\u2019 when they get too old or develop abnormal features."},"props":{"maxscore":1},"responses":[{"order":1,"id":836,"props":{"id":42},"title":{"en":"True"},"score":"0.0000"},{"order":2,"id":405,"props":{"id":585,"feedback":{"en_GB":"<p>Correct! It <span lang=\"en-GB\">is <\/span><span lang=\"en-GB\">false. <\/span><span lang=\"en-GB\">Cancer cells survive for many cell divisions because they do not \u2018self-destruct\u2019; normal cells do self-destruct when they get too old or develop abnormal features.<\/span><\/p>"}},"title":{"en":"False"},"score":"1.0000"}]}}]}]]></content>
          <image filename="/images/16262.png"/>
        </activity>
      </activities>
    </section>
    <section order="4">
      <title lang="en"><![CDATA[Chronic Obstructive Pulmonary Disease (COPD) and Bronchial Asthma]]></title>
      <activities>
        <activity type="page" order="1" digest="11aa7fb8aec7ec77ad445c413099906116263">
          <title lang="en"><![CDATA[Introduction]]></title>
          <image filename="/images/16263.png"/>
          <location lang="en">04_16263_en.html</location>
        </activity>
        <activity type="page" order="2" digest="3a3e5eaefea2462d9921688d79067f0a16264">
          <title lang="en"><![CDATA[Learning Outcomes]]></title>
          <image filename="/images/16264.png"/>
          <location lang="en">04_16264_en.html</location>
        </activity>
        <activity type="page" order="3" digest="570e19278ccc4ddc9465f50bc5178efa16265">
          <title lang="en"><![CDATA[The human respiratory system]]></title>
          <image filename="/images/16265.png"/>
          <location lang="en">04_16265_en.html</location>
        </activity>
        <activity type="page" order="4" digest="d0a22a30690b3fc169a7ea5c7537dd5816266">
          <title lang="en"><![CDATA[Chronic obstructive pulmonary disease]]></title>
          <location lang="en">04_16266_en.html</location>
        </activity>
        <activity type="page" order="5" digest="cbd9bcd05d0ca1535246f721f1602dd516267">
          <title lang="en"><![CDATA[The lungs in COPD]]></title>
          <location lang="en">04_16267_en.html</location>
        </activity>
        <activity type="page" order="6" digest="56db02af00d231b543cb3633e9869fb116268">
          <title lang="en"><![CDATA[Emphysema and chronic bronchitis]]></title>
          <image filename="/images/16268.png"/>
          <location lang="en">04_16268_en.html</location>
        </activity>
        <activity type="page" order="7" digest="f05fc5899c04a0232f1e8703f2e2355e16269">
          <title lang="en"><![CDATA[Risk factors for COPD]]></title>
          <image filename="/images/16269.png"/>
          <location lang="en">04_16269_en.html</location>
        </activity>
        <activity type="page" order="8" digest="b263ec2e10ecabf1fa2b8aeda7b5ff6616270">
          <title lang="en"><![CDATA[Effects of COPD on the patient's life]]></title>
          <location lang="en">04_16270_en.html</location>
        </activity>
        <activity type="page" order="9" digest="1c7d46cdb863cecc3f6b72af53570a7616271">
          <title lang="en"><![CDATA[COPD screening at community level]]></title>
          <location lang="en">04_16271_en.html</location>
        </activity>
        <activity type="page" order="10" digest="eb31c72e6834bee212e7e66a22b0daa616272">
          <title lang="en"><![CDATA[Prevention of COPD]]></title>
          <image filename="/images/16272.png"/>
          <location lang="en">04_16272_en.html</location>
        </activity>
        <activity type="page" order="11" digest="a6a78f1a463b3183074249548715e75616273">
          <title lang="en"><![CDATA[What is bronchial asthma?]]></title>
          <location lang="en">04_16273_en.html</location>
        </activity>
        <activity type="page" order="12" digest="f867d480fa67d54a966654ea66b1ba3a16274">
          <title lang="en"><![CDATA[Summary]]></title>
          <image filename="/images/16274.png"/>
          <location lang="en">04_16274_en.html</location>
        </activity>
        <activity type="quiz" order="13" digest="f5a95ef283c8fa3b5657e2d7214adc8416275cr0s2a1p80a0m0">
          <title lang="en"><![CDATA[Quiz]]></title>
          <content lang="en"><![CDATA[{"id":640,"title":{"en":"Quiz"},"description":{"en":"Chronic Obstructive Pulmonary Disease (COPD) and Bronchial Asthma"},"props":{"digest":"f5a95ef283c8fa3b5657e2d7214adc8416275cr0s2a1p80a0m0","courseversion":"20191104153356","showfeedback":2,"allowtryagain":1,"passthreshold":80,"availability":0,"maxattempts":0,"maxscore":6},"questions":[{"order":1,"id":31,"question":{"id":128,"type":"multichoice","title":{"en":"COPD is a progressive disease, which affects the cardiovascular system."},"props":{"maxscore":1},"responses":[{"order":1,"id":733,"props":{"id":378},"title":{"en":"True"},"score":"0.0000"},{"order":2,"id":262,"props":{"id":743,"feedback":{"en":"Correct! It is false. COPD is a disease which affects the respiratory system (not the cardiovascular system)"}},"title":{"en":"False"},"score":"1.0000"}]}},{"order":2,"id":157,"question":{"id":264,"type":"multichoice","title":{"en":"Wheezing, breathlessness and a cough with production of large amounts of mucus in the lungs are the major symptoms of COPD."},"props":{"maxscore":1},"responses":[{"order":1,"id":953,"props":{"id":110,"feedback":{"en":"Correct! It is true. Wheezing, breathlessness and a cough with production of large amounts of mucus in the lungs are the major symptoms of COPD."}},"title":{"en":"True"},"score":"1.0000"},{"order":2,"id":444,"props":{"id":890},"title":{"en":"False"},"score":"0.0000"}]}},{"order":3,"id":58,"question":{"id":234,"type":"multichoice","title":{"en":"Air entering the body travels down the oesophagus into the lungs."},"props":{"maxscore":1},"responses":[{"order":1,"id":515,"props":{"id":687},"title":{"en":"True"},"score":"0.0000"},{"order":2,"id":895,"props":{"id":298,"feedback":{"en":"Correct! It is false. Air entering the body travels down the trachea (not the oesophagus) into the lungs. The oesophagus carries food and drinks from the mouth into the stomach."}},"title":{"en":"False"},"score":"1.0000"}]}},{"order":4,"id":874,"question":{"id":869,"type":"multichoice","title":{"en":"In COPD, the air sacs lose elasticity and their walls can break down."},"props":{"maxscore":1},"responses":[{"order":1,"id":132,"props":{"id":634,"feedback":{"en":"Correct! It is true. In COPD, the air sacs lose elasticity and their walls can break down \u2013 this condition is called emphysema."}},"title":{"en":"True"},"score":"1.0000"},{"order":2,"id":115,"props":{"id":832},"title":{"en":"False"},"score":"0.0000"}]}},{"order":5,"id":824,"question":{"id":563,"type":"multichoice","title":{"en":"Bronchial asthma is mainly a disease of elderly people."},"props":{"maxscore":1},"responses":[{"order":1,"id":324,"props":{"id":600},"title":{"en":"True"},"score":"0.0000"},{"order":2,"id":855,"props":{"id":283,"feedback":{"en":"Correct! It is false. Bronchial asthma can affect all ages, but it is much more common than COPD in young adults and it is very common in children.It is COPD that mainly affects older adults and elderly people."}},"title":{"en":"False"},"score":"1.0000"}]}},{"order":6,"id":470,"question":{"id":339,"type":"multichoice","title":{"en":"Exposure to pollen and animal hair can cause COPD."},"props":{"maxscore":1},"responses":[{"order":1,"id":904,"props":{"id":212},"title":{"en":"True"},"score":"0.0000"},{"order":2,"id":259,"props":{"id":47,"feedback":{"en":"Correct! it is false. Asthma (not COPD) can be caused by exposure to pollen and animal hair \u2013 but only in people who are sensitive to these allergens."}},"title":{"en":"False"},"score":"1.0000"}]}}]}]]></content>
          <image filename="/images/16275.png"/>
        </activity>
      </activities>
    </section>
    <section order="5">
      <title lang="en"><![CDATA[Cataracts, Eye and Ear Injuries]]></title>
      <activities>
        <activity type="page" order="1" digest="7324ef212237db8111b3c10b38a6768e16276">
          <title lang="en"><![CDATA[Introduction]]></title>
          <image filename="/images/16276.png"/>
          <location lang="en">05_16276_en.html</location>
        </activity>
        <activity type="page" order="2" digest="5ab0d423e7ba8606430c17ce5b1cbd3d16277">
          <title lang="en"><![CDATA[Learning Outcomes]]></title>
          <image filename="/images/16277.png"/>
          <location lang="en">05_16277_en.html</location>
        </activity>
        <activity type="page" order="3" digest="00ba44badccae8504a36bf3fd1a4e93616278">
          <title lang="en"><![CDATA[Anatomy and function of the eye]]></title>
          <image filename="/images/16278.png"/>
          <location lang="en">05_16278_en.html</location>
        </activity>
        <activity type="page" order="4" digest="75e5207878d7feb7aa03b8feb669672516279">
          <title lang="en"><![CDATA[Eyelids and eyelashes]]></title>
          <location lang="en">05_16279_en.html</location>
        </activity>
        <activity type="page" order="5" digest="fe4f6297ba61cb0a05bf0652607adf9716280">
          <title lang="en"><![CDATA[Sclera and conjunctiva]]></title>
          <location lang="en">05_16280_en.html</location>
        </activity>
        <activity type="page" order="6" digest="d9dfcf9196cbfda08a7ade1df9ef120a16281">
          <title lang="en"><![CDATA[Cornea, iris and pupil]]></title>
          <image filename="/images/16281.png"/>
          <location lang="en">05_16281_en.html</location>
        </activity>
        <activity type="page" order="7" digest="07afcbd956b59e135705516c3f49faef16282">
          <title lang="en"><![CDATA[Lens and aqueous humour]]></title>
          <location lang="en">05_16282_en.html</location>
        </activity>
        <activity type="page" order="8" digest="012dfdbc6fc2dbff46b658e09cdf60b716283">
          <title lang="en"><![CDATA[Retina]]></title>
          <image filename="/images/16283.png"/>
          <location lang="en">05_16283_en.html</location>
        </activity>
        <activity type="page" order="9" digest="d8828cd18acd7a54baeab15e12d78cd016284">
          <title lang="en"><![CDATA[Cataracts]]></title>
          <image filename="/images/16284.png"/>
          <location lang="en">05_16284_en.html</location>
        </activity>
        <activity type="page" order="10" digest="81964ac791a9db46eebe0919118e790a16285">
          <title lang="en"><![CDATA[Recognition of cataracts]]></title>
          <image filename="/images/16285.png"/>
          <location lang="en">05_16285_en.html</location>
        </activity>
        <activity type="page" order="11" digest="ceed39a0906e218db45702960b0c609e16286">
          <title lang="en"><![CDATA[Classification and causes of cataract]]></title>
          <location lang="en">05_16286_en.html</location>
        </activity>
        <activity type="page" order="12" digest="2354bffecdfd48b4747461a6043e7bf116287">
          <title lang="en"><![CDATA[Prevention of cataracts]]></title>
          <location lang="en">05_16287_en.html</location>
        </activity>
        <activity type="page" order="13" digest="08550f65feb65a3b9ee88cd3e402470c16288">
          <title lang="en"><![CDATA[Treatment of cataracts]]></title>
          <image filename="/images/16288.png"/>
          <location lang="en">05_16288_en.html</location>
        </activity>
        <activity type="page" order="14" digest="e16abf97a65de1d1b54da631fe26203d16289">
          <title lang="en"><![CDATA[Eye injuries]]></title>
          <location lang="en">05_16289_en.html</location>
        </activity>
        <activity type="page" order="15" digest="293e25d3b85e0699b1313b4fc651b5b416290">
          <title lang="en"><![CDATA[Causes and types of eye injuries]]></title>
          <image filename="/images/16290.png"/>
          <location lang="en">05_16290_en.html</location>
        </activity>
        <activity type="page" order="16" digest="a9f4a99fd4ab739dd8f4ace713e4548e16291">
          <title lang="en"><![CDATA[Supportive care in the case of eye injury]]></title>
          <image filename="/images/16291.png"/>
          <location lang="en">05_16291_en.html</location>
        </activity>
        <activity type="page" order="17" digest="e7e08e5e3ef7e22bb2c24a532e28acab16292">
          <title lang="en"><![CDATA[Trachoma]]></title>
          <image filename="/images/16292.png"/>
          <location lang="en">05_16292_en.html</location>
        </activity>
        <activity type="page" order="18" digest="45267cf284fe6961aebbaed41746fc7f16293">
          <title lang="en"><![CDATA[Ear injuries due to foreign objects]]></title>
          <image filename="/images/16293.png"/>
          <location lang="en">05_16293_en.html</location>
        </activity>
        <activity type="page" order="19" digest="309a485845efb4ca3c5257c1df40459416294">
          <title lang="en"><![CDATA[Summary]]></title>
          <image filename="/images/16294.png"/>
          <location lang="en">05_16294_en.html</location>
        </activity>
      </activities>
    </section>
    <section order="6">
      <title lang="en"><![CDATA[Oral Health]]></title>
      <activities>
        <activity type="page" order="1" digest="5883b29d68437018d7412f29b71dabb716296">
          <title lang="en"><![CDATA[Introduction]]></title>
          <image filename="/images/16296.png"/>
          <location lang="en">06_16296_en.html</location>
        </activity>
        <activity type="page" order="2" digest="9e08b74be8de5c2e3e8f9d57abff525316297">
          <title lang="en"><![CDATA[Learning Outcomes]]></title>
          <image filename="/images/16297.png"/>
          <location lang="en">06_16297_en.html</location>
        </activity>
        <activity type="page" order="3" digest="d22680b0a10e5962399810086b66951416298">
          <title lang="en"><![CDATA[The oral cavity and oral health]]></title>
          <location lang="en">06_16298_en.html</location>
        </activity>
        <activity type="page" order="4" digest="0c3e7f671b54f8d978d1c688ff0b08ec16299">
          <title lang="en"><![CDATA[The oral cavity]]></title>
          <image filename="/images/16299.png"/>
          <location lang="en">06_16299_en.html</location>
        </activity>
        <activity type="page" order="5" digest="e3cf31a8195af4a3d4fe160a2097c1d016300">
          <title lang="en"><![CDATA[Teeth]]></title>
          <image filename="/images/16300.png"/>
          <location lang="en">06_16300_en.html</location>
        </activity>
        <activity type="page" order="6" digest="0cc9630781b216579587739e57faf1db16301">
          <title lang="en"><![CDATA[Salivary glands]]></title>
          <image filename="/images/16301.png"/>
          <location lang="en">06_16301_en.html</location>
        </activity>
        <activity type="page" order="7" digest="07c50dec6b825433df7f78e5868ae48f16302">
          <title lang="en"><![CDATA[Tongue]]></title>
          <image filename="/images/16302.png"/>
          <location lang="en">06_16302_en.html</location>
        </activity>
        <activity type="page" order="8" digest="da248390cafb8323dc58cc1b6bd251f916303">
          <title lang="en"><![CDATA[Common oral diseases and their causes]]></title>
          <location lang="en">06_16303_en.html</location>
        </activity>
        <activity type="page" order="9" digest="d7fe023ef89496582bbc6435abdc772216304">
          <title lang="en"><![CDATA[Bacterial, viral and fungal infections in the mouth]]></title>
          <location lang="en">06_16304_en.html</location>
        </activity>
        <activity type="page" order="10" digest="002d487d92201fe68ac8c211f0a1376d16305">
          <title lang="en"><![CDATA[Tooth decay]]></title>
          <location lang="en">06_16305_en.html</location>
        </activity>
        <activity type="page" order="11" digest="6e8c51cca86c9030ce19ee8a0d163eb416306">
          <title lang="en"><![CDATA[Fluorosis]]></title>
          <image filename="/images/16306.png"/>
          <location lang="en">06_16306_en.html</location>
        </activity>
        <activity type="page" order="12" digest="3e43b2dcf8ccdd8920e980ebcd768a6416307">
          <title lang="en"><![CDATA[Tooth abscesses, mouth ulcers and cold sores]]></title>
          <image filename="/images/16307.png"/>
          <location lang="en">06_16307_en.html</location>
        </activity>
        <activity type="page" order="13" digest="b203f747fed3e9345e7ef8d0bdda611e16308">
          <title lang="en"><![CDATA[Eroded or broken teeth]]></title>
          <image filename="/images/16308.png"/>
          <location lang="en">06_16308_en.html</location>
        </activity>
        <activity type="page" order="14" digest="4574a5bd8e455bb7cbad604cf73053cc16309">
          <title lang="en"><![CDATA[Oral cancer]]></title>
          <image filename="/images/16309.png"/>
          <location lang="en">06_16309_en.html</location>
        </activity>
        <activity type="page" order="15" digest="1e04dea91bb849242fb4ede97000f9ef16310">
          <title lang="en"><![CDATA[Cleft lip and cleft palate]]></title>
          <image filename="/images/16310.png"/>
          <location lang="en">06_16310_en.html</location>
        </activity>
        <activity type="page" order="16" digest="0da4cb0506de05d5252d82da78a65a8416311">
          <title lang="en"><![CDATA[How can the burden of oral diseases be reduced?]]></title>
          <image filename="/images/16311.png"/>
          <location lang="en">06_16311_en.html</location>
        </activity>
        <activity type="page" order="17" digest="5ea6f89c7779ff67c2829bec55fd737116312">
          <title lang="en"><![CDATA[Summary]]></title>
          <image filename="/images/16312.png"/>
          <location lang="en">06_16312_en.html</location>
        </activity>
        <activity type="quiz" order="18" digest="63e24617caea79fa7abe04297990c7d216313cr0s2a1p80a0m0">
          <title lang="en"><![CDATA[Quiz]]></title>
          <content lang="en"><![CDATA[{"id":664,"title":{"en":"Quiz"},"description":{"en":"Oral Health"},"props":{"digest":"63e24617caea79fa7abe04297990c7d216313cr0s2a1p80a0m0","courseversion":"20191104153356","showfeedback":2,"allowtryagain":1,"passthreshold":80,"availability":0,"maxattempts":0,"maxscore":6},"questions":[{"order":1,"id":380,"question":{"id":242,"type":"multichoice","title":{"en":"The structures of the oral cavity enable us to speak, chew and swallow."},"props":{"maxscore":1},"responses":[{"order":1,"id":917,"props":{"id":685,"feedback":{"en":"Correct! It is true. The structures of the oral cavity enable us to speak, chew and swallow."}},"title":{"en":"True"},"score":"1.0000"},{"order":2,"id":763,"props":{"id":715},"title":{"en":"False"},"score":"0.0000"}]}},{"order":2,"id":668,"question":{"id":973,"type":"multichoice","title":{"en":"Humans normally produce two sets of 32 teeth."},"props":{"maxscore":1},"responses":[{"order":1,"id":829,"props":{"id":606},"title":{"en":"True"},"score":"0.0000"},{"order":2,"id":351,"props":{"id":940,"feedback":{"en":"Correct! It is false. Humans do normally produce two sets, but only the second (permanent) set has 32 teeth. The first set (milk or baby teeth) has only 20 teeth."}},"title":{"en":"False"},"score":"1.0000"}]}},{"order":3,"id":742,"question":{"id":251,"type":"multichoice","title":{"en":"The mouth is the entrance to the digestive and respiratory systems."},"props":{"maxscore":1},"responses":[{"order":1,"id":39,"props":{"id":469,"feedback":{"en":"Correct! It is true. The mouth is the entrance to the digestive and respiratory systems."}},"title":{"en":"True"},"score":"1.0000"},{"order":2,"id":369,"props":{"id":792},"title":{"en":"False"},"score":"0.0000"}]}},{"order":4,"id":123,"question":{"id":175,"type":"multichoice","title":{"en":"The palate is the floor of the oral cavity."},"props":{"maxscore":1},"responses":[{"order":1,"id":617,"props":{"id":200},"title":{"en":"True"},"score":"0.0000"},{"order":2,"id":218,"props":{"id":775,"feedback":{"en":"Correct! It is false. The palate is the roof of the oral cavity (not the floor)."}},"title":{"en":"False"},"score":"1.0000"}]}},{"order":5,"id":770,"question":{"id":754,"type":"multichoice","title":{"en":"Saliva helps to keep the mouth clean."},"props":{"maxscore":1},"responses":[{"order":1,"id":344,"props":{"id":140,"feedback":{"en":"Correct! It is true. Saliva helps to keep the mouth clean."}},"title":{"en":"True"},"score":"1.0000"},{"order":2,"id":806,"props":{"id":222},"title":{"en":"False"},"score":"0.0000"}]}},{"order":6,"id":612,"question":{"id":838,"type":"multichoice","title":{"en":"Teeth are dead structures made from enamel and bone."},"props":{"maxscore":1},"responses":[{"order":1,"id":989,"props":{"id":367},"title":{"en":"True"},"score":"0.0000"},{"order":2,"id":982,"props":{"id":115,"feedback":{"en":"Correct! It is false. Teeth are living structures with dentine, pulp and blood vessels inside them; only the upper surface of a tooth is covered with hard dead enamel."}},"title":{"en":"False"},"score":"1.0000"}]}}]}]]></content>
          <image filename="/images/16313.png"/>
        </activity>
      </activities>
    </section>
    <section order="7">
      <title lang="en"><![CDATA[Injury-Related Emergencies and Supportive Care]]></title>
      <activities>
        <activity type="page" order="1" digest="30a68266cfcfe37583aa09ed5e748f8f16314">
          <title lang="en"><![CDATA[Introduction]]></title>
          <image filename="/images/16314.png"/>
          <location lang="en">07_16314_en.html</location>
        </activity>
        <activity type="page" order="2" digest="31e7f23f9a41ba18bdd1fb29d8b8f6a116315">
          <title lang="en"><![CDATA[Learning Outcomes]]></title>
          <image filename="/images/16315.png"/>
          <location lang="en">07_16315_en.html</location>
        </activity>
        <activity type="page" order="3" digest="54f928e09941cba322c2df98dfd3c6e416316">
          <title lang="en"><![CDATA[Acute injury and violence]]></title>
          <image filename="/images/16316.png"/>
          <location lang="en">07_16316_en.html</location>
        </activity>
        <activity type="page" order="4" digest="8a33cbef935d3d222c922f231e932b6f16317">
          <title lang="en"><![CDATA[Bleeding]]></title>
          <location lang="en">07_16317_en.html</location>
        </activity>
        <activity type="page" order="5" digest="b42282ff8aea149f7073b170929a62e516318">
          <title lang="en"><![CDATA[External bleeding]]></title>
          <location lang="en">07_16318_en.html</location>
        </activity>
        <activity type="page" order="6" digest="7d92a67b3149ba73ff87ef5090dc566f16319">
          <title lang="en"><![CDATA[Internal bleeding]]></title>
          <image filename="/images/16319.png"/>
          <location lang="en">07_16319_en.html</location>
        </activity>
        <activity type="page" order="7" digest="0c16edad343de5c36a50bd8207fca14216320">
          <title lang="en"><![CDATA[Fractures]]></title>
          <image filename="/images/16320.png"/>
          <location lang="en">07_16320_en.html</location>
        </activity>
        <activity type="page" order="8" digest="dadc8e18bcebe3e40fe98c297526048016321">
          <title lang="en"><![CDATA[Types of fractures]]></title>
          <image filename="/images/16321.png"/>
          <location lang="en">07_16321_en.html</location>
        </activity>
        <activity type="page" order="9" digest="573907c3075721838b1355048a79bac016322">
          <title lang="en"><![CDATA[Symptoms and signs of fractures]]></title>
          <location lang="en">07_16322_en.html</location>
        </activity>
        <activity type="page" order="10" digest="471eda54046c4e76855da667206ef34c16323">
          <title lang="en"><![CDATA[Supportive care for a bone fracture]]></title>
          <image filename="/images/16323.png"/>
          <location lang="en">07_16323_en.html</location>
        </activity>
        <activity type="page" order="11" digest="3b3150c15683d7217361bb2015e2605516324">
          <title lang="en"><![CDATA[Head and spinal injury]]></title>
          <location lang="en">07_16324_en.html</location>
        </activity>
        <activity type="page" order="12" digest="2fcd3251f4589dd637d63db9c04f3e2116325">
          <title lang="en"><![CDATA[Causes, signs and symptoms of head and spinal injuries]]></title>
          <image filename="/images/16325.png"/>
          <location lang="en">07_16325_en.html</location>
        </activity>
        <activity type="page" order="13" digest="a8999d8194a2e5f282f72cece3223e0116326">
          <title lang="en"><![CDATA[Emergency care for someone with a head or spinal injury]]></title>
          <image filename="/images/16326.png"/>
          <location lang="en">07_16326_en.html</location>
        </activity>
        <activity type="page" order="14" digest="b63b44c73f4b83d0bd8d14dd37be84b916327">
          <title lang="en"><![CDATA[Burns injuries]]></title>
          <image filename="/images/16327.png"/>
          <location lang="en">07_16327_en.html</location>
        </activity>
        <activity type="page" order="15" digest="6fb0bb5ddc4d546413b9bd644b93ba0a16328">
          <title lang="en"><![CDATA[Common causes of burns]]></title>
          <location lang="en">07_16328_en.html</location>
        </activity>
        <activity type="page" order="16" digest="753d25aa16dc44eda2e4535668467dcb16329">
          <title lang="en"><![CDATA[Classification of burns]]></title>
          <location lang="en">07_16329_en.html</location>
        </activity>
        <activity type="page" order="17" digest="1f7c8a900cc084430635495903f7dfba16330">
          <title lang="en"><![CDATA[Emergency care for people with serious burns]]></title>
          <location lang="en">07_16330_en.html</location>
        </activity>
        <activity type="page" order="18" digest="5e4eb4a28b471fe817cf40c069fb657a16331">
          <title lang="en"><![CDATA[Multiple injuries, emergency transport and referral]]></title>
          <location lang="en">07_16331_en.html</location>
        </activity>
        <activity type="page" order="19" digest="ad26d9f45b6cabfdaf16b6c45d429d7116332">
          <title lang="en"><![CDATA[Summary]]></title>
          <image filename="/images/16332.png"/>
          <location lang="en">07_16332_en.html</location>
        </activity>
        <activity type="quiz" order="20" digest="268e95ceb8de50c3d1c54517393b887e16333cr0s2a1p80a0m0">
          <title lang="en"><![CDATA[Quiz]]></title>
          <content lang="en"><![CDATA[{"id":411,"title":{"en":"Quiz"},"description":{"en":"Injury-Related Emergencies and Supportive Care"},"props":{"digest":"268e95ceb8de50c3d1c54517393b887e16333cr0s2a1p80a0m0","courseversion":"20191104153356","showfeedback":2,"allowtryagain":1,"passthreshold":80,"availability":0,"maxattempts":0,"maxscore":6},"questions":[{"order":1,"id":798,"question":{"id":29,"type":"multichoice","title":{"en":"If a wound is bleeding externally, you apply pressure to it, elevate the bleeding part and bandage it tightly enough to stop the bleeding."},"props":{"maxscore":1},"responses":[{"order":1,"id":399,"props":{"id":370,"feedback":{"en":"Correct! It is true. If a wound is bleeding externally, you apply pressure to it, elevate the bleeding part and bandage it tightly enough to stop the bleeding."}},"title":{"en":"True"},"score":"1.0000"},{"order":2,"id":689,"props":{"id":695},"title":{"en":"False"},"score":"0.0000"}]}},{"order":2,"id":795,"question":{"id":59,"type":"multichoice","title":{"en":"A person who has internal bleeding will have a slow pulse and rapidly rising blood pressure."},"props":{"maxscore":1},"responses":[{"order":1,"id":640,"props":{"id":721},"title":{"en":"True"},"score":"0.0000"},{"order":2,"id":352,"props":{"id":51,"feedback":{"en":"Correct! It is false. A person who has internal bleeding will have a rapid pulse and falling blood pressure."}},"title":{"en":"False"},"score":"1.0000"}]}},{"order":3,"id":821,"question":{"id":389,"type":"multichoice","title":{"en":"Pain in the abdomen and rigid abdominal muscles are signs of a possible internal injury."},"props":{"maxscore":1},"responses":[{"order":1,"id":390,"props":{"id":882,"feedback":{"en":"Correct! It is true. Pain in the abdomen and rigid abdominal muscles are signs of a possible internal injury."}},"title":{"en":"True"},"score":"1.0000"},{"order":2,"id":288,"props":{"id":693},"title":{"en":"False"},"score":"0.0000"}]}},{"order":4,"id":486,"question":{"id":29,"type":"multichoice","title":{"en":"Bleeding from the nose, ears or scalp and confusion in the patient\u2019s speech or behaviour are signs of possible head injury."},"props":{"maxscore":1},"responses":[{"order":1,"id":134,"props":{"id":407,"feedback":{"en":"Correct! It is true. Bleeding from the nose, ears or scalp and confusion in the patient\u2019s speech or behaviour are signs of possible head injury."}},"title":{"en":"True"},"score":"1.0000"},{"order":2,"id":734,"props":{"id":14},"title":{"en":"False"},"score":"0.0000"}]}},{"order":5,"id":729,"question":{"id":930,"type":"multichoice","title":{"en":"Swelling and internal bleeding are signs of an open fracture."},"props":{"maxscore":1},"responses":[{"order":1,"id":10,"props":{"id":653},"title":{"en":"True"},"score":"0.0000"},{"order":2,"id":361,"props":{"id":162,"feedback":{"en":"Correct! It is false. An open fracture means the broken bone is sticking out through the skin at the fracture site. There is also likely to be swelling and internal bleeding, but this also occurs in closed fractures."}},"title":{"en":"False"},"score":"1.0000"}]}},{"order":6,"id":691,"question":{"id":125,"type":"multichoice","title":{"en":"A person with a first degree burn is at risk of dying from dehydration and infection."},"props":{"maxscore":1},"responses":[{"order":1,"id":706,"props":{"id":80},"title":{"en":"True"},"score":"0.0000"},{"order":2,"id":812,"props":{"id":329,"feedback":{"en":"Correct! It is false. A person with a third degree burn is at risk of dying from dehydration and infection if the burned area is extensive. First degree burns are superficial and heal within a few days."}},"title":{"en":"False"},"score":"1.0000"}]}}]}]]></content>
          <image filename="/images/16333.png"/>
        </activity>
      </activities>
    </section>
    <section order="8">
      <title lang="en"><![CDATA[Gastrointestinal Emergencies, Choking and Basic Life Support Techniques]]></title>
      <activities>
        <activity type="page" order="1" digest="4478c8870fb26f819ed19aa217d8f72416334">
          <title lang="en"><![CDATA[Introduction]]></title>
          <image filename="/images/16334.png"/>
          <location lang="en">08_16334_en.html</location>
        </activity>
        <activity type="page" order="2" digest="c2abd3a0cad6d4548a73dcd78fe3e6bf16335">
          <title lang="en"><![CDATA[Learning Outcomes]]></title>
          <image filename="/images/16335.png"/>
          <location lang="en">08_16335_en.html</location>
        </activity>
        <activity type="page" order="3" digest="18a1e84fb5155d7edfc5da04b92ef0b816336">
          <title lang="en"><![CDATA[Gastrointestinal emergencies]]></title>
          <location lang="en">08_16336_en.html</location>
        </activity>
        <activity type="page" order="4" digest="706b3fd5ec0039df8371e82a05aa1f4316337">
          <title lang="en"><![CDATA[Appendicitis]]></title>
          <image filename="/images/16337.png"/>
          <location lang="en">08_16337_en.html</location>
        </activity>
        <activity type="page" order="5" digest="c163bf85b6b9a7c2c568b13f1548885b16338">
          <title lang="en"><![CDATA[Intestinal obstruction]]></title>
          <location lang="en">08_16338_en.html</location>
        </activity>
        <activity type="page" order="6" digest="cc90875b5e9f9093818abed3071520ef16339">
          <title lang="en"><![CDATA[Poisoning]]></title>
          <image filename="/images/16339.png"/>
          <location lang="en">08_16339_en.html</location>
        </activity>
        <activity type="page" order="7" digest="c54e96387c89b1ef466ed81f629047e716340">
          <title lang="en"><![CDATA[Signs and symptoms of poisoning]]></title>
          <location lang="en">08_16340_en.html</location>
        </activity>
        <activity type="page" order="8" digest="c602f8b6e1769bb7cd02fb284addb10e16341">
          <title lang="en"><![CDATA[Suicide by poisoning]]></title>
          <image filename="/images/16341.png"/>
          <location lang="en">08_16341_en.html</location>
        </activity>
        <activity type="page" order="9" digest="6994fcb57dc99c8b289c0ee9ca32f1cb16342">
          <title lang="en"><![CDATA[First aid for a person with poisoning]]></title>
          <location lang="en">08_16342_en.html</location>
        </activity>
        <activity type="page" order="10" digest="c241a39f0c073fb1033ad134ac12a59216343">
          <title lang="en"><![CDATA[Choking]]></title>
          <image filename="/images/16343.png"/>
          <location lang="en">08_16343_en.html</location>
        </activity>
        <activity type="page" order="11" digest="8d4ae7b76bdeb0035f7e6acc0ef2563e16344">
          <title lang="en"><![CDATA[Signs of choking]]></title>
          <location lang="en">08_16344_en.html</location>
        </activity>
        <activity type="page" order="12" digest="5f05d9906c8c6593e57505e5fb85576516345">
          <title lang="en"><![CDATA[How to help someone who is choking]]></title>
          <image filename="/images/16345.png"/>
          <location lang="en">08_16345_en.html</location>
        </activity>
        <activity type="page" order="13" digest="77f00f5465903c3ed297f8194766dfcc16346">
          <title lang="en"><![CDATA[Basic life support techniques]]></title>
          <location lang="en">08_16346_en.html</location>
        </activity>
        <activity type="page" order="14" digest="9e00fa4eede4c32c14b04903686e68bd16347">
          <title lang="en"><![CDATA[The ABCDE-T approach]]></title>
          <image filename="/images/16347.png"/>
          <location lang="en">08_16347_en.html</location>
        </activity>
        <activity type="page" order="15" digest="94b90ff39a5053ac5deb9e115e48375016348">
          <title lang="en"><![CDATA[Summary]]></title>
          <image filename="/images/16348.png"/>
          <location lang="en">08_16348_en.html</location>
        </activity>
        <activity type="quiz" order="16" digest="33d939a963e96da1424bc49207a09d4416349cr0s2a1p80a0m0">
          <title lang="en"><![CDATA[Quiz]]></title>
          <content lang="en"><![CDATA[{"id":579,"title":{"en":"Quiz"},"description":{"en":"Gastrointestinal Emergencies, Choking and Basic Life Support Techniques"},"props":{"digest":"33d939a963e96da1424bc49207a09d4416349cr0s2a1p80a0m0","courseversion":"20191104153356","showfeedback":2,"allowtryagain":1,"passthreshold":80,"availability":0,"maxattempts":0,"maxscore":5},"questions":[{"order":1,"id":254,"question":{"id":258,"type":"multichoice","title":{"en":"If you suspect that a person has swallowed poison, apply abdominal thrusts to help them to cough out the poison."},"props":{"maxscore":1},"responses":[{"order":1,"id":100,"props":{"id":37},"title":{"en":"True"},"score":"0.0000"},{"order":2,"id":353,"props":{"id":555,"feedback":{"en":"Correct! It is false. Abdominal thrusts are applied to help someone who is choking to cough the obstruction out of their airway. This technique is useless to help someone who has swallowed poison, which will be absorbed into their body through the digestive tract."}},"title":{"en":"False"},"score":"1.0000"}]}},{"order":2,"id":893,"question":{"id":160,"type":"multichoice","title":{"en":"If you suspect that a person has absorbed poison through their skin, remove any contaminated clothing and wash the body with soap and water before referring them."},"props":{"maxscore":1},"responses":[{"order":1,"id":465,"props":{"id":223,"feedback":{"en":"Correct! It is true. If you suspect that a person has absorbed poison through their skin, remove any contaminated clothing and wash the body with soap and water before referring them."}},"title":{"en":"True"},"score":"1.0000"},{"order":2,"id":581,"props":{"id":273},"title":{"en":"False"},"score":"0.0000"}]}},{"order":3,"id":595,"question":{"id":931,"type":"multichoice","title":{"en":"Swallowing bleach or kerosene is a common method of trying to commit suicide in rural communities."},"props":{"maxscore":1},"responses":[{"order":1,"id":203,"props":{"id":727,"feedback":{"en":"Correct! It is true. Swallowing bleach or kerosene is a common method of trying to commit suicide in rural communities."}},"title":{"en":"True"},"score":"1.0000"},{"order":2,"id":651,"props":{"id":650},"title":{"en":"False"},"score":"0.0000"}]}},{"order":4,"id":67,"question":{"id":64,"type":"multichoice","title":{"en":"Tying a cloth over the nose and mouth is good protection from inhaling droplets of insecticide while spraying houses to kill mosquitoes."},"props":{"maxscore":1},"responses":[{"order":1,"id":336,"props":{"id":920},"title":{"en":"True"},"score":"0.0000"},{"order":2,"id":294,"props":{"id":833,"feedback":{"en":"Correct! It is false. Tying a cloth over the nose and mouth is not adequate protection for someone who is spraying houses to kill mosquitoes. Insecticide sprayers should wear proper protective clothing, including a special mask."}},"title":{"en":"False"},"score":"1.0000"}]}},{"order":5,"id":488,"question":{"id":332,"type":"multichoice","title":{"en":"Burning charcoal in an enclosed room is dangerous because the fumes are poisonous and inhaling them can cause loss of consciousness."},"props":{"maxscore":1},"responses":[{"order":1,"id":755,"props":{"id":418,"feedback":{"en":"Correct! It is true. Burning charcoal in an enclosed room is dangerous because the fumes are poisonous and inhaling them can cause loss of consciousness."}},"title":{"en":"True"},"score":"1.0000"},{"order":2,"id":371,"props":{"id":141},"title":{"en":"False"},"score":"0.0000"}]}}]}]]></content>
          <image filename="/images/16349.png"/>
        </activity>
      </activities>
    </section>
  </structure>
</module>
