<?xml version="1.0" encoding="utf-8"?><module>
  <meta>
    <versionid>20200219170739</versionid>
    <priority>0</priority>
    <server>http://localhost:8000/</server>
    <sequencing>none</sequencing>
    <tags>reference</tags>
    <exportversion>2019103100</exportversion>
    <title lang="en">Reference course 1</title>
    <shortname>ref-1</shortname>
    <description lang="en"/>
    <langs>
      <lang>en</lang>
    </langs>
    <gamification><event name="quiz_first_attempt">20</event><event name="quiz_attempt">10</event><event name="quiz_first_attempt_threshold">100</event><event name="quiz_first_attempt_bonus">50</event><event name="activity_completed">10</event><event name="media_started">20</event><event name="media_playing_interval">30</event><event name="media_playing_points_per_interval">5</event><event name="media_max_points">200</event><event name="course_downloaded">50</event></gamification>
  </meta>
  <structure>
    <section order="1">
      <title lang="en">Topic 1</title>
      <activities>
        <activity digest="b789636875418fff16845784fc0dd0d0496" order="1" type="page">
          <title lang="en">Intro page</title>
          <location lang="en">01_496_en.html</location>
        </activity>
        <activity digest="a68146dd7f3b93efaeeca333dc0c4ae9497" order="2" type="page">
          <title lang="en">Second page - custom points</title>
          <location lang="en">01_497_en.html</location>
        <gamification><event name="activity_completed">50</event></gamification></activity>
        <activity digest="ba61c987ef3ae0b5c66d0e6c6f0079c2498" order="3" type="page">
          <title lang="en">Media - inherited points</title>
          <media>
            <file digest="45ad219ead30b9a1818176598f8bbbf9" download_url="http://downloads.digital-campus.org/media/anc/who-why-did-mrs-x-die-20140220.m4v" filename="who-why-did-mrs-x-die-20140220.m4v" filesize="24781151" length="409"/>
          </media>
          <location lang="en">01_498_en.html</location>
        </activity>
        <activity digest="399cabff0598c8f55a9ee712831ce05c499" order="4" type="page">
          <title lang="en">Media - custom points</title>
          <media>
            <file digest="33f33dc89eac9ba776950ce440bd6269" download_url="http://downloads.digital-campus.org/media/anc/maf-how-babies-are-made-20121002.m4v" filename="maf-how-babies-are-made-20121002.m4v" filesize="31182824" length="576"/>
          </media>
          <location lang="en">01_499_en.html</location>
        </activity>
      </activities>
    </section>
    <section order="2">
      <title lang="en">Topic 2</title>
      <activities>
        <activity digest="534dbc6927ae88c2d8d21e454fac3d90502" order="1" type="page">
          <title lang="en">Page activity with no description</title>
          <location lang="en">02_502_en.html</location>
        </activity>
      </activities>
    </section>
  </structure>
  <media>
    <file digest="45ad219ead30b9a1818176598f8bbbf9" download_url="http://downloads.digital-campus.org/media/anc/who-why-did-mrs-x-die-20140220.m4v" filename="who-why-did-mrs-x-die-20140220.m4v" filesize="24781151" length="409"/>
    <file digest="33f33dc89eac9ba776950ce440bd6269" download_url="http://downloads.digital-campus.org/media/anc/maf-how-babies-are-made-20121002.m4v" filename="maf-how-babies-are-made-20121002.m4v" filesize="31182824" length="576"><gamification><event name="media_started">30</event><event name="media_playing_interval">60</event><event name="media_playing_points_per_interval">50</event><event name="media_max_points">500</event></gamification></file>
  </media>
</module>
