[
{
    "model": "quiz.quiz",
    "pk": 1,
    "fields": {
        "owner": 1,
        "created_date": "2022-02-04T09:07:09Z",
        "lastupdated_date": "2022-02-04T09:07:09Z",
        "draft": false,
        "deleted": false,
        "title": "{\"en\": \"Course Feedback\"}",
        "description": "{\"en\": \"Pre-test\"}"
    }
},
{
    "model": "quiz.quiz",
    "pk": 2,
    "fields": {
        "owner": 1,
        "created_date": "2022-02-04T09:07:09Z",
        "lastupdated_date": "2022-02-04T09:07:09Z",
        "draft": false,
        "deleted": false,
        "title": "{\"en\": \"Demo Quiz\"}",
        "description": "{\"en\": \"<p>Examples of different features and activities<br></p><p><img src=\\\"@@PLUGINFILE@@/unit1.png\\\" alt=\\\"\\\" width=\\\"167\\\" height=\\\"167\\\" role=\\\"presentation\\\" class=\\\"img-fluid atto_image_button_text-bottom\\\"><br></p>\"}"
    }
},
{
    "model": "quiz.quiz",
    "pk": 3,
    "fields": {
        "owner": 1,
        "created_date": "2022-02-04T09:07:10Z",
        "lastupdated_date": "2022-02-04T09:07:10Z",
        "draft": false,
        "deleted": false,
        "title": "{\"en\": \"Feedback with optional\"}",
        "description": "{\"en\": \"Pre-test\"}"
    }
},
{
    "model": "quiz.quiz",
    "pk": 4,
    "fields": {
        "owner": 1,
        "created_date": "2022-02-04T09:07:11Z",
        "lastupdated_date": "2022-02-04T09:07:11Z",
        "draft": false,
        "deleted": false,
        "title": "{\"en\": \"Quiz with HTML\"}",
        "description": "{\"en\": \"<p>Examples of different features and activities<br></p><p><img src=\\\"@@PLUGINFILE@@/unit1.png\\\" alt=\\\"\\\" width=\\\"167\\\" height=\\\"167\\\" role=\\\"presentation\\\" class=\\\"img-fluid atto_image_button_text-bottom\\\"><br></p>\"}"
    }
},
{
    "model": "quiz.quiz",
    "pk": 5,
    "fields": {
        "owner": 1,
        "created_date": "2022-02-04T09:07:11Z",
        "lastupdated_date": "2022-02-04T09:07:11Z",
        "draft": false,
        "deleted": false,
        "title": "{\"es\": \"Feedback para usar multilang\", \"en\": \"Feedback for testing multilang\"}",
        "description": "{\"en\": \"Pre-test\"}"
    }
},
{
    "model": "quiz.quiz",
    "pk": 6,
    "fields": {
        "owner": 1,
        "created_date": "2022-02-04T09:07:12Z",
        "lastupdated_date": "2022-02-04T09:07:12Z",
        "draft": false,
        "deleted": false,
        "title": "{\"es\": \"Quiz para usar multilang\", \"en\": \"Quiz for testing multilang\"}",
        "description": "{\"es\": \"<img src=\\\"@@PLUGINFILE@@/unit2.png\\\" alt=\\\"\\\" width=\\\"167\\\" height=\\\"167\\\" role=\\\"presentation\\\" class=\\\"img-fluid atto_image_button_text-bottom\\\">Sesion para usar multilang\", \"en\": \"<img src=\\\"@@PLUGINFILE@@/unit2.png\\\" alt=\\\"\\\" width=\\\"167\\\" height=\\\"167\\\" role=\\\"presentation\\\" class=\\\"img-fluid atto_image_button_text-bottom\\\">Section to test multilang\"}"
    }
},
{
    "model": "quiz.quiz",
    "pk": 7,
    "fields": {
        "owner": 1,
        "created_date": "2022-02-04T09:07:13Z",
        "lastupdated_date": "2022-02-04T09:07:13Z",
        "draft": false,
        "deleted": false,
        "title": "{\"en\": \"Quiz with unicode characters - test for #OPPIA-830\"}",
        "description": "{\"en\": \"\"}"
    }
},
{
    "model": "quiz.quiz",
    "pk": 8,
    "fields": {
        "owner": 1,
        "created_date": "2022-02-04T09:07:13Z",
        "lastupdated_date": "2022-02-04T09:07:13Z",
        "draft": false,
        "deleted": false,
        "title": "{\"en\": \"Quiz with password protection - unlimited attempts allowed\"}",
        "description": "{\"en\": \"\"}"
    }
},
{
    "model": "quiz.quiz",
    "pk": 9,
    "fields": {
        "owner": 1,
        "created_date": "2022-02-04T09:07:14Z",
        "lastupdated_date": "2022-02-04T09:07:14Z",
        "draft": false,
        "deleted": false,
        "title": "{\"en\": \"Quiz with password - single attempt allowed\"}",
        "description": "{\"en\": \"\"}"
    }
},
{
    "model": "quiz.quiz",
    "pk": 10,
    "fields": {
        "owner": 1,
        "created_date": "2022-02-04T09:07:14Z",
        "lastupdated_date": "2022-02-04T09:07:14Z",
        "draft": false,
        "deleted": false,
        "title": "{\"en\": \"Right/wrong answers immediately after quiz and on scorecard\"}",
        "description": "{\"en\": \"\"}"
    }
},
{
    "model": "quiz.quiz",
    "pk": 11,
    "fields": {
        "owner": 1,
        "created_date": "2022-02-04T09:07:14Z",
        "lastupdated_date": "2022-02-04T09:07:14Z",
        "draft": false,
        "deleted": false,
        "title": "{\"en\": \"Right/wrong answers immediately after quiz but not on scorecard\"}",
        "description": "{\"en\": \"\"}"
    }
},
{
    "model": "quiz.quiz",
    "pk": 12,
    "fields": {
        "owner": 1,
        "created_date": "2022-02-04T09:07:15Z",
        "lastupdated_date": "2022-02-04T09:07:15Z",
        "draft": false,
        "deleted": false,
        "title": "{\"en\": \"Right/wrong answers on scorecard but not immediately after quiz\"}",
        "description": "{\"en\": \"\"}"
    }
},
{
    "model": "quiz.quiz",
    "pk": 13,
    "fields": {
        "owner": 1,
        "created_date": "2022-02-04T09:07:15Z",
        "lastupdated_date": "2022-02-04T09:07:15Z",
        "draft": false,
        "deleted": false,
        "title": "{\"en\": \"Right/wrong answers not immediately after quiz and not on scorecard\"}",
        "description": "{\"en\": \"\"}"
    }
},
{
    "model": "quiz.quiz",
    "pk": 14,
    "fields": {
        "owner": 1,
        "created_date": "2022-02-04T09:07:16Z",
        "lastupdated_date": "2022-02-04T09:07:16Z",
        "draft": false,
        "deleted": false,
        "title": "{\"en\": \"Quiz in password protected topic\"}",
        "description": "{\"en\": \"\"}"
    }
},
{
    "model": "quiz.quizprops",
    "pk": 1,
    "fields": {
        "quiz": 1,
        "name": "courseversion",
        "value": "20220203084840"
    }
},
{
    "model": "quiz.quizprops",
    "pk": 2,
    "fields": {
        "quiz": 1,
        "name": "showfeedback",
        "value": "False"
    }
},
{
    "model": "quiz.quizprops",
    "pk": 3,
    "fields": {
        "quiz": 1,
        "name": "passthreshold",
        "value": "0"
    }
},
{
    "model": "quiz.quizprops",
    "pk": 4,
    "fields": {
        "quiz": 1,
        "name": "maxattempts",
        "value": "unlimited"
    }
},
{
    "model": "quiz.quizprops",
    "pk": 5,
    "fields": {
        "quiz": 1,
        "name": "maxscore",
        "value": "0"
    }
},
{
    "model": "quiz.quizprops",
    "pk": 6,
    "fields": {
        "quiz": 1,
        "name": "digest",
        "value": "ad011c907c04b0feb4e9df57ef781907"
    }
},
{
    "model": "quiz.quizprops",
    "pk": 7,
    "fields": {
        "quiz": 2,
        "name": "courseversion",
        "value": "20220203084840"
    }
},
{
    "model": "quiz.quizprops",
    "pk": 8,
    "fields": {
        "quiz": 2,
        "name": "showfeedback",
        "value": "2"
    }
},
{
    "model": "quiz.quizprops",
    "pk": 9,
    "fields": {
        "quiz": 2,
        "name": "passthreshold",
        "value": "0"
    }
},
{
    "model": "quiz.quizprops",
    "pk": 10,
    "fields": {
        "quiz": 2,
        "name": "maxattempts",
        "value": "unlimited"
    }
},
{
    "model": "quiz.quizprops",
    "pk": 11,
    "fields": {
        "quiz": 2,
        "name": "maxscore",
        "value": "2"
    }
},
{
    "model": "quiz.quizprops",
    "pk": 12,
    "fields": {
        "quiz": 2,
        "name": "digest",
        "value": "338898cb3afc9cfe734d19862cb0242a"
    }
},
{
    "model": "quiz.quizprops",
    "pk": 16,
    "fields": {
        "quiz": 3,
        "name": "courseversion",
        "value": "20220203084840"
    }
},
{
    "model": "quiz.quizprops",
    "pk": 17,
    "fields": {
        "quiz": 3,
        "name": "showfeedback",
        "value": "False"
    }
},
{
    "model": "quiz.quizprops",
    "pk": 18,
    "fields": {
        "quiz": 3,
        "name": "passthreshold",
        "value": "0"
    }
},
{
    "model": "quiz.quizprops",
    "pk": 19,
    "fields": {
        "quiz": 3,
        "name": "maxattempts",
        "value": "unlimited"
    }
},
{
    "model": "quiz.quizprops",
    "pk": 20,
    "fields": {
        "quiz": 3,
        "name": "maxscore",
        "value": "0"
    }
},
{
    "model": "quiz.quizprops",
    "pk": 21,
    "fields": {
        "quiz": 3,
        "name": "digest",
        "value": "02f11bc7305f95a6d181435943530c56"
    }
},
{
    "model": "quiz.quizprops",
    "pk": 22,
    "fields": {
        "quiz": 4,
        "name": "courseversion",
        "value": "20220203084840"
    }
},
{
    "model": "quiz.quizprops",
    "pk": 23,
    "fields": {
        "quiz": 4,
        "name": "showfeedback",
        "value": "2"
    }
},
{
    "model": "quiz.quizprops",
    "pk": 24,
    "fields": {
        "quiz": 4,
        "name": "passthreshold",
        "value": "0"
    }
},
{
    "model": "quiz.quizprops",
    "pk": 25,
    "fields": {
        "quiz": 4,
        "name": "maxattempts",
        "value": "unlimited"
    }
},
{
    "model": "quiz.quizprops",
    "pk": 26,
    "fields": {
        "quiz": 4,
        "name": "maxscore",
        "value": "5"
    }
},
{
    "model": "quiz.quizprops",
    "pk": 27,
    "fields": {
        "quiz": 4,
        "name": "digest",
        "value": "4ce5dae70fd8e3e2ad8150dc4c663aac"
    }
},
{
    "model": "quiz.quizprops",
    "pk": 28,
    "fields": {
        "quiz": 5,
        "name": "courseversion",
        "value": "20220203084840"
    }
},
{
    "model": "quiz.quizprops",
    "pk": 29,
    "fields": {
        "quiz": 5,
        "name": "showfeedback",
        "value": "False"
    }
},
{
    "model": "quiz.quizprops",
    "pk": 30,
    "fields": {
        "quiz": 5,
        "name": "passthreshold",
        "value": "0"
    }
},
{
    "model": "quiz.quizprops",
    "pk": 31,
    "fields": {
        "quiz": 5,
        "name": "maxattempts",
        "value": "unlimited"
    }
},
{
    "model": "quiz.quizprops",
    "pk": 32,
    "fields": {
        "quiz": 5,
        "name": "maxscore",
        "value": "0"
    }
},
{
    "model": "quiz.quizprops",
    "pk": 33,
    "fields": {
        "quiz": 5,
        "name": "digest",
        "value": "41f0e8b1f7fa3c6b364692549dcba2eb"
    }
},
{
    "model": "quiz.quizprops",
    "pk": 34,
    "fields": {
        "quiz": 6,
        "name": "courseversion",
        "value": "20220203084840"
    }
},
{
    "model": "quiz.quizprops",
    "pk": 35,
    "fields": {
        "quiz": 6,
        "name": "showfeedback",
        "value": "2"
    }
},
{
    "model": "quiz.quizprops",
    "pk": 36,
    "fields": {
        "quiz": 6,
        "name": "passthreshold",
        "value": "0"
    }
},
{
    "model": "quiz.quizprops",
    "pk": 37,
    "fields": {
        "quiz": 6,
        "name": "maxattempts",
        "value": "unlimited"
    }
},
{
    "model": "quiz.quizprops",
    "pk": 38,
    "fields": {
        "quiz": 6,
        "name": "maxscore",
        "value": "6"
    }
},
{
    "model": "quiz.quizprops",
    "pk": 39,
    "fields": {
        "quiz": 6,
        "name": "digest",
        "value": "c97d2530e3e9f4be517b6ab4cfbbdff4"
    }
},
{
    "model": "quiz.quizprops",
    "pk": 40,
    "fields": {
        "quiz": 7,
        "name": "courseversion",
        "value": "20220203084840"
    }
},
{
    "model": "quiz.quizprops",
    "pk": 41,
    "fields": {
        "quiz": 7,
        "name": "showfeedback",
        "value": "2"
    }
},
{
    "model": "quiz.quizprops",
    "pk": 42,
    "fields": {
        "quiz": 7,
        "name": "passthreshold",
        "value": "0"
    }
},
{
    "model": "quiz.quizprops",
    "pk": 43,
    "fields": {
        "quiz": 7,
        "name": "maxattempts",
        "value": "unlimited"
    }
},
{
    "model": "quiz.quizprops",
    "pk": 44,
    "fields": {
        "quiz": 7,
        "name": "maxscore",
        "value": "2"
    }
},
{
    "model": "quiz.quizprops",
    "pk": 45,
    "fields": {
        "quiz": 7,
        "name": "digest",
        "value": "f67303f5cf36e27dcc3714a26999a471"
    }
},
{
    "model": "quiz.quizprops",
    "pk": 46,
    "fields": {
        "quiz": 8,
        "name": "courseversion",
        "value": "20220203084840"
    }
},
{
    "model": "quiz.quizprops",
    "pk": 47,
    "fields": {
        "quiz": 8,
        "name": "showfeedback",
        "value": "2"
    }
},
{
    "model": "quiz.quizprops",
    "pk": 48,
    "fields": {
        "quiz": 8,
        "name": "passthreshold",
        "value": "0"
    }
},
{
    "model": "quiz.quizprops",
    "pk": 49,
    "fields": {
        "quiz": 8,
        "name": "maxattempts",
        "value": "unlimited"
    }
},
{
    "model": "quiz.quizprops",
    "pk": 50,
    "fields": {
        "quiz": 8,
        "name": "maxscore",
        "value": "1"
    }
},
{
    "model": "quiz.quizprops",
    "pk": 51,
    "fields": {
        "quiz": 8,
        "name": "digest",
        "value": "cbca401d4ae3cad1ebe1e024ee75ba13"
    }
},
{
    "model": "quiz.quizprops",
    "pk": 52,
    "fields": {
        "quiz": 8,
        "name": "password",
        "value": "letmein"
    }
},
{
    "model": "quiz.quizprops",
    "pk": 53,
    "fields": {
        "quiz": 9,
        "name": "courseversion",
        "value": "20220203084840"
    }
},
{
    "model": "quiz.quizprops",
    "pk": 54,
    "fields": {
        "quiz": 9,
        "name": "showfeedback",
        "value": "2"
    }
},
{
    "model": "quiz.quizprops",
    "pk": 55,
    "fields": {
        "quiz": 9,
        "name": "passthreshold",
        "value": "0"
    }
},
{
    "model": "quiz.quizprops",
    "pk": 56,
    "fields": {
        "quiz": 9,
        "name": "maxattempts",
        "value": "unlimited"
    }
},
{
    "model": "quiz.quizprops",
    "pk": 57,
    "fields": {
        "quiz": 9,
        "name": "maxscore",
        "value": "1"
    }
},
{
    "model": "quiz.quizprops",
    "pk": 58,
    "fields": {
        "quiz": 9,
        "name": "digest",
        "value": "cb011ac06aa37fc54a77e56fa27fe5ec"
    }
},
{
    "model": "quiz.quizprops",
    "pk": 59,
    "fields": {
        "quiz": 9,
        "name": "password",
        "value": "letmein"
    }
},
{
    "model": "quiz.quizprops",
    "pk": 60,
    "fields": {
        "quiz": 10,
        "name": "courseversion",
        "value": "20220203084840"
    }
},
{
    "model": "quiz.quizprops",
    "pk": 61,
    "fields": {
        "quiz": 10,
        "name": "showfeedback",
        "value": "2"
    }
},
{
    "model": "quiz.quizprops",
    "pk": 62,
    "fields": {
        "quiz": 10,
        "name": "passthreshold",
        "value": "0"
    }
},
{
    "model": "quiz.quizprops",
    "pk": 63,
    "fields": {
        "quiz": 10,
        "name": "maxattempts",
        "value": "unlimited"
    }
},
{
    "model": "quiz.quizprops",
    "pk": 64,
    "fields": {
        "quiz": 10,
        "name": "maxscore",
        "value": "1"
    }
},
{
    "model": "quiz.quizprops",
    "pk": 65,
    "fields": {
        "quiz": 10,
        "name": "digest",
        "value": "f53f559b8680e31a395117108b1d02b4"
    }
},
{
    "model": "quiz.quizprops",
    "pk": 66,
    "fields": {
        "quiz": 11,
        "name": "courseversion",
        "value": "20220203084840"
    }
},
{
    "model": "quiz.quizprops",
    "pk": 67,
    "fields": {
        "quiz": 11,
        "name": "showfeedback",
        "value": "2"
    }
},
{
    "model": "quiz.quizprops",
    "pk": 68,
    "fields": {
        "quiz": 11,
        "name": "passthreshold",
        "value": "0"
    }
},
{
    "model": "quiz.quizprops",
    "pk": 69,
    "fields": {
        "quiz": 11,
        "name": "maxattempts",
        "value": "unlimited"
    }
},
{
    "model": "quiz.quizprops",
    "pk": 70,
    "fields": {
        "quiz": 11,
        "name": "later_whether_correct",
        "value": "False"
    }
},
{
    "model": "quiz.quizprops",
    "pk": 71,
    "fields": {
        "quiz": 11,
        "name": "maxscore",
        "value": "1"
    }
},
{
    "model": "quiz.quizprops",
    "pk": 72,
    "fields": {
        "quiz": 11,
        "name": "digest",
        "value": "f99014ca40ee39bd0663cd027786e37c"
    }
},
{
    "model": "quiz.quizprops",
    "pk": 73,
    "fields": {
        "quiz": 12,
        "name": "courseversion",
        "value": "20220203084840"
    }
},
{
    "model": "quiz.quizprops",
    "pk": 74,
    "fields": {
        "quiz": 12,
        "name": "showfeedback",
        "value": "2"
    }
},
{
    "model": "quiz.quizprops",
    "pk": 75,
    "fields": {
        "quiz": 12,
        "name": "passthreshold",
        "value": "0"
    }
},
{
    "model": "quiz.quizprops",
    "pk": 76,
    "fields": {
        "quiz": 12,
        "name": "maxattempts",
        "value": "unlimited"
    }
},
{
    "model": "quiz.quizprops",
    "pk": 77,
    "fields": {
        "quiz": 12,
        "name": "immediate_whether_correct",
        "value": "False"
    }
},
{
    "model": "quiz.quizprops",
    "pk": 78,
    "fields": {
        "quiz": 12,
        "name": "maxscore",
        "value": "2"
    }
},
{
    "model": "quiz.quizprops",
    "pk": 79,
    "fields": {
        "quiz": 12,
        "name": "digest",
        "value": "ee242589cf397a010da93f5a0109360b"
    }
},
{
    "model": "quiz.quizprops",
    "pk": 80,
    "fields": {
        "quiz": 13,
        "name": "courseversion",
        "value": "20220203084840"
    }
},
{
    "model": "quiz.quizprops",
    "pk": 81,
    "fields": {
        "quiz": 13,
        "name": "showfeedback",
        "value": "2"
    }
},
{
    "model": "quiz.quizprops",
    "pk": 82,
    "fields": {
        "quiz": 13,
        "name": "passthreshold",
        "value": "0"
    }
},
{
    "model": "quiz.quizprops",
    "pk": 83,
    "fields": {
        "quiz": 13,
        "name": "maxattempts",
        "value": "unlimited"
    }
},
{
    "model": "quiz.quizprops",
    "pk": 84,
    "fields": {
        "quiz": 13,
        "name": "immediate_whether_correct",
        "value": "False"
    }
},
{
    "model": "quiz.quizprops",
    "pk": 85,
    "fields": {
        "quiz": 13,
        "name": "later_whether_correct",
        "value": "False"
    }
},
{
    "model": "quiz.quizprops",
    "pk": 86,
    "fields": {
        "quiz": 13,
        "name": "maxscore",
        "value": "2"
    }
},
{
    "model": "quiz.quizprops",
    "pk": 87,
    "fields": {
        "quiz": 13,
        "name": "digest",
        "value": "f94988cbdb7b24e185491bae1112761c"
    }
},
{
    "model": "quiz.quizprops",
    "pk": 88,
    "fields": {
        "quiz": 14,
        "name": "courseversion",
        "value": "20220203084840"
    }
},
{
    "model": "quiz.quizprops",
    "pk": 89,
    "fields": {
        "quiz": 14,
        "name": "showfeedback",
        "value": "2"
    }
},
{
    "model": "quiz.quizprops",
    "pk": 90,
    "fields": {
        "quiz": 14,
        "name": "passthreshold",
        "value": "0"
    }
},
{
    "model": "quiz.quizprops",
    "pk": 91,
    "fields": {
        "quiz": 14,
        "name": "maxattempts",
        "value": "unlimited"
    }
},
{
    "model": "quiz.quizprops",
    "pk": 92,
    "fields": {
        "quiz": 14,
        "name": "maxscore",
        "value": "4"
    }
},
{
    "model": "quiz.quizprops",
    "pk": 93,
    "fields": {
        "quiz": 14,
        "name": "digest",
        "value": "adc1c509b957cf2398dec407360ce5e8"
    }
},
{
    "model": "quiz.question",
    "pk": 1,
    "fields": {
        "owner": 1,
        "created_date": "2022-02-04T09:07:09Z",
        "lastupdated_date": "2022-02-04T09:07:09Z",
        "title": "{\"en\": \"certificate name\"}",
        "type": "shortanswer"
    }
},
{
    "model": "quiz.question",
    "pk": 2,
    "fields": {
        "owner": 1,
        "created_date": "2022-02-04T09:07:09Z",
        "lastupdated_date": "2022-02-04T09:07:09Z",
        "title": "{\"en\": \"alt_name\"}",
        "type": "essay"
    }
},
{
    "model": "quiz.question",
    "pk": 3,
    "fields": {
        "owner": 1,
        "created_date": "2022-02-04T09:07:09Z",
        "lastupdated_date": "2022-02-04T09:07:09Z",
        "title": "{\"en\": \"<p>A multiple choice question\\n</p>\"}",
        "type": "multichoice"
    }
},
{
    "model": "quiz.question",
    "pk": 4,
    "fields": {
        "owner": 1,
        "created_date": "2022-02-04T09:07:09Z",
        "lastupdated_date": "2022-02-04T09:07:09Z",
        "title": "{\"en\": \"<p>Testing wrong language span elements...\\n</p>\"}",
        "type": "multichoice"
    }
},
{
    "model": "quiz.question",
    "pk": 5,
    "fields": {
        "owner": 1,
        "created_date": "2022-02-04T09:07:10Z",
        "lastupdated_date": "2022-02-04T09:07:10Z",
        "title": "{\"en\": \"This is just <strong>information</strong>, like an introduction: <ul> <li>blablabla</li><li>aaaaa</li></ul>\"}",
        "type": "description"
    }
},
{
    "model": "quiz.question",
    "pk": 6,
    "fields": {
        "owner": 1,
        "created_date": "2022-02-04T09:07:10Z",
        "lastupdated_date": "2022-02-04T09:07:10Z",
        "title": "{\"en\": \"This multiple choice is required. Do it.\"}",
        "type": "multichoice"
    }
},
{
    "model": "quiz.question",
    "pk": 7,
    "fields": {
        "owner": 1,
        "created_date": "2022-02-04T09:07:10Z",
        "lastupdated_date": "2022-02-04T09:07:10Z",
        "title": "{\"en\": \"Tell me your life (optional)\"}",
        "type": "essay"
    }
},
{
    "model": "quiz.question",
    "pk": 8,
    "fields": {
        "owner": 1,
        "created_date": "2022-02-04T09:07:10Z",
        "lastupdated_date": "2022-02-04T09:07:10Z",
        "title": "{\"en\": \"This is optional, but do it anyway\"}",
        "type": "multichoice"
    }
},
{
    "model": "quiz.question",
    "pk": 9,
    "fields": {
        "owner": 1,
        "created_date": "2022-02-04T09:07:10Z",
        "lastupdated_date": "2022-02-04T09:07:10Z",
        "title": "{\"en\": \"How many questions do you want?\"}",
        "type": "numerical"
    }
},
{
    "model": "quiz.question",
    "pk": 10,
    "fields": {
        "owner": 1,
        "created_date": "2022-02-04T09:07:11Z",
        "lastupdated_date": "2022-02-04T09:07:11Z",
        "title": "{\"en\": \"<p>This question has <b>some basic</b> HTML in it.</p>\\n<p>Lorem ipsum <i>dolor sit amet</i>, consectetur adipiscing elit, </p>\\n<p></p>\\n<ul>\\n    <li>s<span style=\\\"font-size: 0.9375rem;\\\">ed do <strong>eiusmod</strong> tempor incididunt </span></li>\\n    <li><span style=\\\"font-size: 0.9375rem;\\\">ut labore et <em>dolore</em> magna aliqua. </span></li>\\n    <li><span style=\\\"font-size: 0.9375rem;\\\">Ut <u>enim </u>ad minim <strike>veniam</strike>, <sup>quis </sup>nostrud exercitation ullamco laboris</span></li>\\n</ul>\\n<p style=\\\"text-align: right;\\\">P and Text alignment?</p>\\n\\n<blockquote>\\n    This is a blockquote.\\n</blockquote><blockquote>\\n\\n<table>\\n<caption style=\\\"caption-side: top\\\">Table title</caption>\\n<thead>\\n<tr>\\n<th scope=\\\"col\\\">a1</th>\\n<th scope=\\\"col\\\">bbb</th>\\n</tr>\\n</thead>\\n<tbody>\\n<tr>\\n<td>a2</td>\\n<td>ccc</td>\\n</tr>\\n<tr>\\n<td>a3</td>\\n<td>ddd</td>\\n</tr>\\n</tbody>\\n</table>\\n\\n\\n</blockquote>\\n\\n\\n<p></p>\"}",
        "type": "multichoice"
    }
},
{
    "model": "quiz.question",
    "pk": 11,
    "fields": {
        "owner": 1,
        "created_date": "2022-02-04T09:07:11Z",
        "lastupdated_date": "2022-02-04T09:07:11Z",
        "title": "{\"en\": \"<p>Testing partially correct answers</p>\"}",
        "type": "multiselect"
    }
},
{
    "model": "quiz.question",
    "pk": 12,
    "fields": {
        "owner": 1,
        "created_date": "2022-02-04T09:07:11Z",
        "lastupdated_date": "2022-02-04T09:07:11Z",
        "title": "{\"en\": \"<h3>This short answer</h3>\\n<p>has some HTML layout into it,</p>\\n<p>like line breaks and... <span style=\\\"color:#ff0000;\\\">color!</span></p>\\n<p>\\n</p>\"}",
        "type": "shortanswer"
    }
},
{
    "model": "quiz.question",
    "pk": 13,
    "fields": {
        "owner": 1,
        "created_date": "2022-02-04T09:07:11Z",
        "lastupdated_date": "2022-02-04T09:07:11Z",
        "title": "{\"en\": \"<p>Strange characters selection </p>\"}",
        "type": "multiselect"
    }
},
{
    "model": "quiz.question",
    "pk": 14,
    "fields": {
        "owner": 1,
        "created_date": "2022-02-04T09:07:11Z",
        "lastupdated_date": "2022-02-04T09:07:11Z",
        "title": "{\"en\": \"<p dir=\\\"ltr\\\" style=\\\"text-align: left;\\\">Question with lists as responses</p>\"}",
        "type": "multichoice"
    }
},
{
    "model": "quiz.question",
    "pk": 15,
    "fields": {
        "owner": 1,
        "created_date": "2022-02-04T09:07:11Z",
        "lastupdated_date": "2022-02-04T09:07:11Z",
        "title": "{\"es\": \"Pregunta para usar multilang\", \"en\": \"Feedback Question for testing multilang\"}",
        "type": "multichoice"
    }
},
{
    "model": "quiz.question",
    "pk": 16,
    "fields": {
        "owner": 1,
        "created_date": "2022-02-04T09:07:11Z",
        "lastupdated_date": "2022-02-04T09:07:11Z",
        "title": "{\"en\": \"Question without multilang\"}",
        "type": "multichoice"
    }
},
{
    "model": "quiz.question",
    "pk": 17,
    "fields": {
        "owner": 1,
        "created_date": "2022-02-04T09:07:12Z",
        "lastupdated_date": "2022-02-04T09:07:12Z",
        "title": "{\"es\": \"Esta es una pregunta?\", \"en\": \"This is a question?\"}",
        "type": "multichoice"
    }
},
{
    "model": "quiz.question",
    "pk": 18,
    "fields": {
        "owner": 1,
        "created_date": "2022-02-04T09:07:12Z",
        "lastupdated_date": "2022-02-04T09:07:12Z",
        "title": "{\"es\": \"Verdad o falso?\", \"en\": \"A true/false question\"}",
        "type": "multichoice"
    }
},
{
    "model": "quiz.question",
    "pk": 19,
    "fields": {
        "owner": 1,
        "created_date": "2022-02-04T09:07:12Z",
        "lastupdated_date": "2022-02-04T09:07:12Z",
        "title": "{\"es\": \"Multi opciones\", \"en\": \"Multiselect\"}",
        "type": "multiselect"
    }
},
{
    "model": "quiz.question",
    "pk": 20,
    "fields": {
        "owner": 1,
        "created_date": "2022-02-04T09:07:12Z",
        "lastupdated_date": "2022-02-04T09:07:12Z",
        "title": "{\"es\": \"Repuesta corta\", \"en\": \"Short Answer\"}",
        "type": "shortanswer"
    }
},
{
    "model": "quiz.question",
    "pk": 21,
    "fields": {
        "owner": 1,
        "created_date": "2022-02-04T09:07:12Z",
        "lastupdated_date": "2022-02-04T09:07:12Z",
        "title": "{\"es\": \"2 por 2 iguals ?\", \"en\": \"2 * 2 =\"}",
        "type": "numerical"
    }
},
{
    "model": "quiz.question",
    "pk": 22,
    "fields": {
        "owner": 1,
        "created_date": "2022-02-04T09:07:12Z",
        "lastupdated_date": "2022-02-04T09:07:12Z",
        "title": "{\"es\": \"Quien come que?\", \"en\": \"Who eats what?\"}",
        "type": "matching"
    }
},
{
    "model": "quiz.question",
    "pk": 23,
    "fields": {
        "owner": 1,
        "created_date": "2022-02-04T09:07:13Z",
        "lastupdated_date": "2022-02-04T09:07:13Z",
        "title": "{\"en\": \"Test with Unicode characters in response options\"}",
        "type": "multiselect"
    }
},
{
    "model": "quiz.question",
    "pk": 24,
    "fields": {
        "owner": 1,
        "created_date": "2022-02-04T09:07:13Z",
        "lastupdated_date": "2022-02-04T09:07:13Z",
        "title": "{\"en\": \"<p dir=\\\"ltr\\\" style=\\\"text-align: left;\\\">Another question</p>\"}",
        "type": "multichoice"
    }
},
{
    "model": "quiz.question",
    "pk": 25,
    "fields": {
        "owner": 1,
        "created_date": "2022-02-04T09:07:13Z",
        "lastupdated_date": "2022-02-04T09:07:13Z",
        "title": "{\"en\": \"<p dir=\\\"ltr\\\" style=\\\"text-align: left;\\\">Is it snowing today?\\n</p>\"}",
        "type": "multichoice"
    }
},
{
    "model": "quiz.question",
    "pk": 26,
    "fields": {
        "owner": 1,
        "created_date": "2022-02-04T09:07:14Z",
        "lastupdated_date": "2022-02-04T09:07:14Z",
        "title": "{\"en\": \"<p dir=\\\"ltr\\\" style=\\\"text-align: left;\\\">You can only access this quiz how many times?</p>\"}",
        "type": "multichoice"
    }
},
{
    "model": "quiz.question",
    "pk": 27,
    "fields": {
        "owner": 1,
        "created_date": "2022-02-04T09:07:14Z",
        "lastupdated_date": "2022-02-04T09:07:14Z",
        "title": "{\"en\": \"<p>What is the capital of Wales?\\n</p>\"}",
        "type": "multichoice"
    }
},
{
    "model": "quiz.question",
    "pk": 28,
    "fields": {
        "owner": 1,
        "created_date": "2022-02-04T09:07:14Z",
        "lastupdated_date": "2022-02-04T09:07:14Z",
        "title": "{\"en\": \"<p>What is the capital of Wales?\\n</p>\"}",
        "type": "multichoice"
    }
},
{
    "model": "quiz.question",
    "pk": 29,
    "fields": {
        "owner": 1,
        "created_date": "2022-02-04T09:07:15Z",
        "lastupdated_date": "2022-02-04T09:07:15Z",
        "title": "{\"en\": \"<p>What is the capital of Wales?\\n</p>\"}",
        "type": "multichoice"
    }
},
{
    "model": "quiz.question",
    "pk": 30,
    "fields": {
        "owner": 1,
        "created_date": "2022-02-04T09:07:15Z",
        "lastupdated_date": "2022-02-04T09:07:15Z",
        "title": "{\"en\": \"<p dir=\\\"ltr\\\" style=\\\"text-align: left;\\\">Is it snowing today?\\n</p>\"}",
        "type": "multichoice"
    }
},
{
    "model": "quiz.question",
    "pk": 31,
    "fields": {
        "owner": 1,
        "created_date": "2022-02-04T09:07:15Z",
        "lastupdated_date": "2022-02-04T09:07:15Z",
        "title": "{\"en\": \"<p>What is the capital of Wales?\\n</p>\"}",
        "type": "multichoice"
    }
},
{
    "model": "quiz.question",
    "pk": 32,
    "fields": {
        "owner": 1,
        "created_date": "2022-02-04T09:07:15Z",
        "lastupdated_date": "2022-02-04T09:07:15Z",
        "title": "{\"en\": \"<p dir=\\\"ltr\\\" style=\\\"text-align: left;\\\">Is it snowing today?\\n</p>\"}",
        "type": "multichoice"
    }
},
{
    "model": "quiz.question",
    "pk": 33,
    "fields": {
        "owner": 1,
        "created_date": "2022-02-04T09:07:16Z",
        "lastupdated_date": "2022-02-04T09:07:16Z",
        "title": "{\"es\": \"Quien come que?\", \"en\": \"Who eats what?\"}",
        "type": "matching"
    }
},
{
    "model": "quiz.question",
    "pk": 34,
    "fields": {
        "owner": 1,
        "created_date": "2022-02-04T09:07:16Z",
        "lastupdated_date": "2022-02-04T09:07:16Z",
        "title": "{\"en\": \"<p>A multiple choice question\\n</p>\"}",
        "type": "multichoice"
    }
},
{
    "model": "quiz.question",
    "pk": 35,
    "fields": {
        "owner": 1,
        "created_date": "2022-02-04T09:07:16Z",
        "lastupdated_date": "2022-02-04T09:07:16Z",
        "title": "{\"es\": \"2 por 2 iguals ?\", \"en\": \"2 * 2 =\"}",
        "type": "numerical"
    }
},
{
    "model": "quiz.question",
    "pk": 36,
    "fields": {
        "owner": 1,
        "created_date": "2022-02-04T09:07:16Z",
        "lastupdated_date": "2022-02-04T09:07:16Z",
        "title": "{\"en\": \"<p dir=\\\"ltr\\\" style=\\\"text-align: left;\\\">Is it snowing today?\\n</p>\"}",
        "type": "multichoice"
    }
},
{
    "model": "quiz.questionprops",
    "pk": 1,
    "fields": {
        "question": 1,
        "name": "maxscore",
        "value": "0"
    }
},
{
    "model": "quiz.questionprops",
    "pk": 2,
    "fields": {
        "question": 1,
        "name": "required",
        "value": "False"
    }
},
{
    "model": "quiz.questionprops",
    "pk": 3,
    "fields": {
        "question": 2,
        "name": "maxscore",
        "value": "0"
    }
},
{
    "model": "quiz.questionprops",
    "pk": 4,
    "fields": {
        "question": 2,
        "name": "required",
        "value": "False"
    }
},
{
    "model": "quiz.questionprops",
    "pk": 5,
    "fields": {
        "question": 3,
        "name": "maxscore",
        "value": "1"
    }
},
{
    "model": "quiz.questionprops",
    "pk": 6,
    "fields": {
        "question": 3,
        "name": "shuffleanswers",
        "value": "1"
    }
},
{
    "model": "quiz.questionprops",
    "pk": 8,
    "fields": {
        "question": 4,
        "name": "maxscore",
        "value": "1"
    }
},
{
    "model": "quiz.questionprops",
    "pk": 9,
    "fields": {
        "question": 4,
        "name": "shuffleanswers",
        "value": "1"
    }
},
{
    "model": "quiz.questionprops",
    "pk": 10,
    "fields": {
        "question": 5,
        "name": "maxscore",
        "value": "0"
    }
},
{
    "model": "quiz.questionprops",
    "pk": 11,
    "fields": {
        "question": 5,
        "name": "required",
        "value": "False"
    }
},
{
    "model": "quiz.questionprops",
    "pk": 12,
    "fields": {
        "question": 6,
        "name": "maxscore",
        "value": "0"
    }
},
{
    "model": "quiz.questionprops",
    "pk": 13,
    "fields": {
        "question": 6,
        "name": "required",
        "value": "True"
    }
},
{
    "model": "quiz.questionprops",
    "pk": 14,
    "fields": {
        "question": 7,
        "name": "maxscore",
        "value": "0"
    }
},
{
    "model": "quiz.questionprops",
    "pk": 15,
    "fields": {
        "question": 7,
        "name": "required",
        "value": "False"
    }
},
{
    "model": "quiz.questionprops",
    "pk": 16,
    "fields": {
        "question": 8,
        "name": "maxscore",
        "value": "0"
    }
},
{
    "model": "quiz.questionprops",
    "pk": 17,
    "fields": {
        "question": 8,
        "name": "required",
        "value": "False"
    }
},
{
    "model": "quiz.questionprops",
    "pk": 18,
    "fields": {
        "question": 9,
        "name": "maxscore",
        "value": "0"
    }
},
{
    "model": "quiz.questionprops",
    "pk": 19,
    "fields": {
        "question": 9,
        "name": "required",
        "value": "True"
    }
},
{
    "model": "quiz.questionprops",
    "pk": 20,
    "fields": {
        "question": 10,
        "name": "maxscore",
        "value": "1"
    }
},
{
    "model": "quiz.questionprops",
    "pk": 21,
    "fields": {
        "question": 10,
        "name": "shuffleanswers",
        "value": "1"
    }
},
{
    "model": "quiz.questionprops",
    "pk": 22,
    "fields": {
        "question": 11,
        "name": "maxscore",
        "value": "1"
    }
},
{
    "model": "quiz.questionprops",
    "pk": 23,
    "fields": {
        "question": 11,
        "name": "shuffleanswers",
        "value": "1"
    }
},
{
    "model": "quiz.questionprops",
    "pk": 24,
    "fields": {
        "question": 12,
        "name": "maxscore",
        "value": "1"
    }
},
{
    "model": "quiz.questionprops",
    "pk": 25,
    "fields": {
        "question": 13,
        "name": "maxscore",
        "value": "1"
    }
},
{
    "model": "quiz.questionprops",
    "pk": 26,
    "fields": {
        "question": 13,
        "name": "shuffleanswers",
        "value": "1"
    }
},
{
    "model": "quiz.questionprops",
    "pk": 27,
    "fields": {
        "question": 14,
        "name": "maxscore",
        "value": "1"
    }
},
{
    "model": "quiz.questionprops",
    "pk": 28,
    "fields": {
        "question": 14,
        "name": "shuffleanswers",
        "value": "1"
    }
},
{
    "model": "quiz.questionprops",
    "pk": 29,
    "fields": {
        "question": 15,
        "name": "maxscore",
        "value": "0"
    }
},
{
    "model": "quiz.questionprops",
    "pk": 30,
    "fields": {
        "question": 15,
        "name": "required",
        "value": "True"
    }
},
{
    "model": "quiz.questionprops",
    "pk": 31,
    "fields": {
        "question": 16,
        "name": "maxscore",
        "value": "0"
    }
},
{
    "model": "quiz.questionprops",
    "pk": 32,
    "fields": {
        "question": 16,
        "name": "required",
        "value": "False"
    }
},
{
    "model": "quiz.questionprops",
    "pk": 33,
    "fields": {
        "question": 17,
        "name": "maxscore",
        "value": "1"
    }
},
{
    "model": "quiz.questionprops",
    "pk": 34,
    "fields": {
        "question": 17,
        "name": "shuffleanswers",
        "value": "1"
    }
},
{
    "model": "quiz.questionprops",
    "pk": 35,
    "fields": {
        "question": 18,
        "name": "maxscore",
        "value": "1"
    }
},
{
    "model": "quiz.questionprops",
    "pk": 36,
    "fields": {
        "question": 19,
        "name": "maxscore",
        "value": "1"
    }
},
{
    "model": "quiz.questionprops",
    "pk": 37,
    "fields": {
        "question": 19,
        "name": "shuffleanswers",
        "value": "1"
    }
},
{
    "model": "quiz.questionprops",
    "pk": 38,
    "fields": {
        "question": 20,
        "name": "maxscore",
        "value": "1"
    }
},
{
    "model": "quiz.questionprops",
    "pk": 39,
    "fields": {
        "question": 21,
        "name": "maxscore",
        "value": "1"
    }
},
{
    "model": "quiz.questionprops",
    "pk": 40,
    "fields": {
        "question": 22,
        "name": "maxscore",
        "value": "1"
    }
},
{
    "model": "quiz.questionprops",
    "pk": 41,
    "fields": {
        "question": 22,
        "name": "correctfeedback",
        "value": "{'en': 'Your answer is correct.'}"
    }
},
{
    "model": "quiz.questionprops",
    "pk": 42,
    "fields": {
        "question": 22,
        "name": "partiallycorrectfeedback",
        "value": "{'en': 'Your answer is partially correct.'}"
    }
},
{
    "model": "quiz.questionprops",
    "pk": 43,
    "fields": {
        "question": 22,
        "name": "incorrectfeedback",
        "value": "{'en': 'Your answer is incorrect.'}"
    }
},
{
    "model": "quiz.questionprops",
    "pk": 44,
    "fields": {
        "question": 23,
        "name": "maxscore",
        "value": "1"
    }
},
{
    "model": "quiz.questionprops",
    "pk": 45,
    "fields": {
        "question": 23,
        "name": "shuffleanswers",
        "value": "1"
    }
},
{
    "model": "quiz.questionprops",
    "pk": 46,
    "fields": {
        "question": 24,
        "name": "maxscore",
        "value": "1"
    }
},
{
    "model": "quiz.questionprops",
    "pk": 47,
    "fields": {
        "question": 25,
        "name": "maxscore",
        "value": "1"
    }
},
{
    "model": "quiz.questionprops",
    "pk": 48,
    "fields": {
        "question": 26,
        "name": "maxscore",
        "value": "1"
    }
},
{
    "model": "quiz.questionprops",
    "pk": 49,
    "fields": {
        "question": 26,
        "name": "shuffleanswers",
        "value": "1"
    }
},
{
    "model": "quiz.questionprops",
    "pk": 50,
    "fields": {
        "question": 27,
        "name": "maxscore",
        "value": "1"
    }
},
{
    "model": "quiz.questionprops",
    "pk": 51,
    "fields": {
        "question": 27,
        "name": "shuffleanswers",
        "value": "1"
    }
},
{
    "model": "quiz.questionprops",
    "pk": 52,
    "fields": {
        "question": 28,
        "name": "maxscore",
        "value": "1"
    }
},
{
    "model": "quiz.questionprops",
    "pk": 53,
    "fields": {
        "question": 28,
        "name": "shuffleanswers",
        "value": "1"
    }
},
{
    "model": "quiz.questionprops",
    "pk": 54,
    "fields": {
        "question": 29,
        "name": "maxscore",
        "value": "1"
    }
},
{
    "model": "quiz.questionprops",
    "pk": 55,
    "fields": {
        "question": 29,
        "name": "shuffleanswers",
        "value": "1"
    }
},
{
    "model": "quiz.questionprops",
    "pk": 56,
    "fields": {
        "question": 30,
        "name": "maxscore",
        "value": "1"
    }
},
{
    "model": "quiz.questionprops",
    "pk": 57,
    "fields": {
        "question": 31,
        "name": "maxscore",
        "value": "1"
    }
},
{
    "model": "quiz.questionprops",
    "pk": 58,
    "fields": {
        "question": 31,
        "name": "shuffleanswers",
        "value": "1"
    }
},
{
    "model": "quiz.questionprops",
    "pk": 59,
    "fields": {
        "question": 32,
        "name": "maxscore",
        "value": "1"
    }
},
{
    "model": "quiz.questionprops",
    "pk": 60,
    "fields": {
        "question": 33,
        "name": "maxscore",
        "value": "1"
    }
},
{
    "model": "quiz.questionprops",
    "pk": 61,
    "fields": {
        "question": 33,
        "name": "correctfeedback",
        "value": "{'en': 'Your answer is correct.'}"
    }
},
{
    "model": "quiz.questionprops",
    "pk": 62,
    "fields": {
        "question": 33,
        "name": "partiallycorrectfeedback",
        "value": "{'en': 'Your answer is partially correct.'}"
    }
},
{
    "model": "quiz.questionprops",
    "pk": 63,
    "fields": {
        "question": 33,
        "name": "incorrectfeedback",
        "value": "{'en': 'Your answer is incorrect.'}"
    }
},
{
    "model": "quiz.questionprops",
    "pk": 64,
    "fields": {
        "question": 34,
        "name": "maxscore",
        "value": "1"
    }
},
{
    "model": "quiz.questionprops",
    "pk": 65,
    "fields": {
        "question": 34,
        "name": "shuffleanswers",
        "value": "1"
    }
},
{
    "model": "quiz.questionprops",
    "pk": 66,
    "fields": {
        "question": 35,
        "name": "maxscore",
        "value": "1"
    }
},
{
    "model": "quiz.questionprops",
    "pk": 67,
    "fields": {
        "question": 36,
        "name": "maxscore",
        "value": "1"
    }
},
{
    "model": "quiz.quizquestion",
    "pk": 1,
    "fields": {
        "quiz": 1,
        "question": 1,
        "order": 1
    }
},
{
    "model": "quiz.quizquestion",
    "pk": 2,
    "fields": {
        "quiz": 1,
        "question": 2,
        "order": 2
    }
},
{
    "model": "quiz.quizquestion",
    "pk": 3,
    "fields": {
        "quiz": 2,
        "question": 3,
        "order": 1
    }
},
{
    "model": "quiz.quizquestion",
    "pk": 4,
    "fields": {
        "quiz": 2,
        "question": 4,
        "order": 2
    }
},
{
    "model": "quiz.quizquestion",
    "pk": 5,
    "fields": {
        "quiz": 3,
        "question": 5,
        "order": 1
    }
},
{
    "model": "quiz.quizquestion",
    "pk": 6,
    "fields": {
        "quiz": 3,
        "question": 6,
        "order": 2
    }
},
{
    "model": "quiz.quizquestion",
    "pk": 7,
    "fields": {
        "quiz": 3,
        "question": 7,
        "order": 3
    }
},
{
    "model": "quiz.quizquestion",
    "pk": 8,
    "fields": {
        "quiz": 3,
        "question": 8,
        "order": 4
    }
},
{
    "model": "quiz.quizquestion",
    "pk": 9,
    "fields": {
        "quiz": 3,
        "question": 9,
        "order": 5
    }
},
{
    "model": "quiz.quizquestion",
    "pk": 10,
    "fields": {
        "quiz": 4,
        "question": 10,
        "order": 1
    }
},
{
    "model": "quiz.quizquestion",
    "pk": 11,
    "fields": {
        "quiz": 4,
        "question": 11,
        "order": 2
    }
},
{
    "model": "quiz.quizquestion",
    "pk": 12,
    "fields": {
        "quiz": 4,
        "question": 12,
        "order": 3
    }
},
{
    "model": "quiz.quizquestion",
    "pk": 13,
    "fields": {
        "quiz": 4,
        "question": 13,
        "order": 4
    }
},
{
    "model": "quiz.quizquestion",
    "pk": 14,
    "fields": {
        "quiz": 4,
        "question": 14,
        "order": 5
    }
},
{
    "model": "quiz.quizquestion",
    "pk": 15,
    "fields": {
        "quiz": 5,
        "question": 15,
        "order": 1
    }
},
{
    "model": "quiz.quizquestion",
    "pk": 16,
    "fields": {
        "quiz": 5,
        "question": 16,
        "order": 2
    }
},
{
    "model": "quiz.quizquestion",
    "pk": 17,
    "fields": {
        "quiz": 6,
        "question": 17,
        "order": 1
    }
},
{
    "model": "quiz.quizquestion",
    "pk": 18,
    "fields": {
        "quiz": 6,
        "question": 18,
        "order": 2
    }
},
{
    "model": "quiz.quizquestion",
    "pk": 19,
    "fields": {
        "quiz": 6,
        "question": 19,
        "order": 3
    }
},
{
    "model": "quiz.quizquestion",
    "pk": 20,
    "fields": {
        "quiz": 6,
        "question": 20,
        "order": 4
    }
},
{
    "model": "quiz.quizquestion",
    "pk": 21,
    "fields": {
        "quiz": 6,
        "question": 21,
        "order": 5
    }
},
{
    "model": "quiz.quizquestion",
    "pk": 22,
    "fields": {
        "quiz": 6,
        "question": 22,
        "order": 6
    }
},
{
    "model": "quiz.quizquestion",
    "pk": 23,
    "fields": {
        "quiz": 7,
        "question": 23,
        "order": 1
    }
},
{
    "model": "quiz.quizquestion",
    "pk": 24,
    "fields": {
        "quiz": 7,
        "question": 24,
        "order": 2
    }
},
{
    "model": "quiz.quizquestion",
    "pk": 25,
    "fields": {
        "quiz": 8,
        "question": 25,
        "order": 1
    }
},
{
    "model": "quiz.quizquestion",
    "pk": 26,
    "fields": {
        "quiz": 9,
        "question": 26,
        "order": 1
    }
},
{
    "model": "quiz.quizquestion",
    "pk": 27,
    "fields": {
        "quiz": 10,
        "question": 27,
        "order": 1
    }
},
{
    "model": "quiz.quizquestion",
    "pk": 28,
    "fields": {
        "quiz": 11,
        "question": 28,
        "order": 1
    }
},
{
    "model": "quiz.quizquestion",
    "pk": 29,
    "fields": {
        "quiz": 12,
        "question": 29,
        "order": 1
    }
},
{
    "model": "quiz.quizquestion",
    "pk": 30,
    "fields": {
        "quiz": 12,
        "question": 30,
        "order": 2
    }
},
{
    "model": "quiz.quizquestion",
    "pk": 31,
    "fields": {
        "quiz": 13,
        "question": 31,
        "order": 1
    }
},
{
    "model": "quiz.quizquestion",
    "pk": 32,
    "fields": {
        "quiz": 13,
        "question": 32,
        "order": 2
    }
},
{
    "model": "quiz.quizquestion",
    "pk": 33,
    "fields": {
        "quiz": 14,
        "question": 33,
        "order": 1
    }
},
{
    "model": "quiz.quizquestion",
    "pk": 34,
    "fields": {
        "quiz": 14,
        "question": 34,
        "order": 2
    }
},
{
    "model": "quiz.quizquestion",
    "pk": 35,
    "fields": {
        "quiz": 14,
        "question": 35,
        "order": 3
    }
},
{
    "model": "quiz.quizquestion",
    "pk": 36,
    "fields": {
        "quiz": 14,
        "question": 36,
        "order": 4
    }
}
]
